country,CRI_equal_weights_0_to_100,CRI_economic_focus_0_to_100,CRI_governance_focus_0_to_100,CRI_sovereign_focus_0_to_100,CRI_trade_focus_0_to_100,CRI_pca_weights_0_to_100
Papua New Guinea,70.57298906618479,70.62237972931251,71.5828028615649,63.90780766488853,74.67466365004618,58.61595608332875
Pitcairn Islands,55.548773735367476,55.62338122937999,56.03848581488733,53.529586145979465,55.562658312207724,53.852111733326446
Eswatini,58.44998620683987,58.519724269561415,64.76104024149258,55.59468992298849,53.281104057534066,63.761240520531224
Estonia,41.46860053854392,39.81092922941097,33.76985606012266,36.5900576519711,54.78806071115676,21.98569635366277
Eritrea,88.68394222740163,88.70293524027123,96.54768021225487,77.11543595104479,90.52836161641092,77.65628636724703
Peru,56.62015819763465,56.692967466568334,58.776809635576775,54.985980451213166,54.465661821919966,57.9042734189654
Falkland Islands,68.49580445964499,68.54868149539094,65.72604684432964,62.745375169590055,75.56424284504615,54.01001147946201
Ethiopia,76.24429956623099,76.2841714308973,81.0882629259162,68.26080937790428,77.66103582896503,66.97744321334514
Paraguay,68.40854221994003,68.46156571772029,67.37623476933712,64.24855177590668,71.95986220667609,59.937151677159896
Philippines,64.97742467332573,65.03620700170136,63.99011440663415,58.87966440407191,70.68036084422299,51.36948721793365
Myanmar (Burma),49.944374319643856,50.028388307717144,51.84501763446613,49.540334577856896,46.90454425836612,53.79466545701721
Latvia,46.3056926163166,46.18359356101423,40.33698764168267,42.25140142597756,55.61603694719,29.37535282491638
Burkina Faso,75.1032099906918,75.14499707437069,79.11511082159224,67.44857366076091,77.05372005410443,65.64311690862857
Argentina,84.00496623329994,84.03181249798732,78.7143034034308,83.70444608699752,87.33119212351664,77.22000282729255
Hong Kong,28.778976984042703,28.898515239671337,26.297651606512996,22.494319862586533,37.231824495046006,11.741175606679342
Sweden,26.628323340892667,26.218524217071,20.282704428094526,23.436438372946622,36.18625233417881,10.616612935346751
Moldova,60.8279659524818,60.89371278426232,60.80478416862175,64.59502275229167,54.94567343276433,68.82054162670012
Lithuania,45.486004788905696,44.53828881173693,37.888328691287555,40.73999205719899,57.89126068138313,26.213180099468165
Kiribati,56.751097203131664,56.823686702401176,52.28417538913154,54.38540858534956,62.22452298044151,46.51969281202426
Bulgaria,47.4684924683642,47.56081159284677,47.52456245767092,47.56021648692409,45.860397138667544,48.456846837487525
Hungary,42.86087795406189,43.082464948542324,42.141686884263144,44.22858192749947,40.70230163724028,46.09249924939569
Uruguay,48.426184710986966,48.51274684748395,41.94271733841736,46.446053997959254,55.79403538501617,35.96878377148548
Switzerland,31.78649418137359,30.950696047446414,22.107437583095287,27.108061251269945,46.57855022601133,9.130346100924339
Brunei Darussalam,44.64162996729384,44.73454414779742,39.99450515913644,45.765803240276604,46.850082804121726,40.99677574039201
Svalbard & Jan Mayen,45.09516841015507,45.187321366064786,48.21661980387966,46.08863514610258,39.413112131468786,53.362261612812766
"Micronesia, Fed. Sts.",48.7173781992137,48.80345159291875,46.0938279425955,48.66694996794247,49.99834994472746,45.648358856863034
Iceland,23.429650602154357,23.558167234074162,18.074612357831338,20.545641554607837,31.307294707008808,9.960744241922072
Brunei,48.67074287637795,48.75689454339202,50.8920282890003,48.633754611767394,44.93693890400519,51.99284262748311
British Virgin Islands,40.92070065468968,41.019860089480694,45.093091945814216,43.11721915586355,32.96406821794949,51.76563333724773
British Indian Ocean Territory,42.740028383432424,42.83613423581335,46.45439623095065,44.41222963895896,35.77470782592922,52.782363735492574
Micronesia,42.36144232949019,42.458183605438165,46.17112081587158,44.14274937937554,35.189838513255076,53.02304635550526
Taiwan,16.535386839155365,16.675474889585796,15.074762216238236,15.956036217741381,18.083094581960957,14.953600169051926
Brazil,59.313420350193624,59.44998295610755,60.76947165204656,61.08491852627732,54.05882080841257,65.09629939746812
Mexico,64.88409735441473,65.81652063290478,66.33223061422538,60.45165818226784,65.59241316514111,58.99244326723338
Armenia,75.23776827162082,75.2793295109984,72.15211571815404,74.4059998296014,77.10754286631918,70.3652409757666
India,52.08521609990366,51.9622011155006,53.00545832393768,51.77451585835331,50.05417841639967,54.03322090667988
Tajikistan,52.43984265373211,52.51966821654833,63.35166459715176,51.31662677734432,40.808640585230464,66.60981655452105
Bouvet Island,40.93035175264569,41.02949498891323,45.10031333907737,43.124088876381165,32.978977988051454,52.259840245871516
Syria,89.3608199853717,89.37867691814819,99.88979348473163,77.59724237794465,88.6467271090478,82.29981693455782
Suriname,77.92459271689759,77.96164435652824,74.46432497194583,84.16718387314589,72.42956060003868,87.3267791354179
Mongolia,72.82484792825822,72.87045904331299,68.79263922635049,74.42069917704495,73.10435531802858,70.82305744491794
Burundi,83.04200139665522,83.07046391356604,87.39677526534248,73.09946213533775,86.9009794679589,70.5143577299159
Sri Lanka,65.67462460567124,65.73223674496215,66.15740501789,74.91324142210134,53.1978511594337,87.02044881353638
St Helena,41.11773984956986,41.21656857131227,45.24052569075888,43.25747306334773,33.2684697596318,51.779472388223326
St. Kitts & Nevis,64.09383793804732,64.15410328944844,62.43229399584253,59.612023931304115,68.7637410645598,52.25828041220101
Mozambique,93.75182570472406,93.7623127185929,92.24900148986612,92.22306060327742,94.23005968313535,89.77381755149035
Cape Verde Islands,49.83725832782236,49.921452100715776,51.76486854622351,49.46408864914131,46.73906310590242,51.837540205622076
Canada,28.096104496660136,28.4362154407366,22.041817255543368,34.50180306458886,26.315292408949574,33.9773413361507
Liechtenstein,47.21886215967485,47.30745068143918,34.49553832715391,47.60029553859979,58.4991140693124,30.333492709260007
Kosovo,56.14121305697747,56.21482619342431,57.20353406575002,53.95128869025557,55.73280997759653,54.12106597289782
St. Kitts and Nevis,47.10127682676236,47.190062705219816,43.675345896973965,47.51659745805375,48.750010116734764,43.804101882529615
Guyana,71.02024336907505,71.06888335498802,69.40631597725427,64.54228883170691,77.61490397533308,56.79423008453553
Cameroon,75.2412102490392,75.28276571135885,80.25826954672547,67.54680323117113,76.19338955568864,68.056760096386
Antigua and Barbuda,47.447259404338716,47.535464581311565,44.193105900294235,47.762870330088404,49.01726057437471,44.19897928383422
Morocco,64.60830657203384,64.66770843284641,64.4167667482585,61.990211326187946,65.72392434980256,58.75935392818447
St. Lucia,38.13823523553162,38.24206479507609,37.24527367277149,41.13664037957553,34.617777759729734,44.930436352363905
St. Maarten,64.09383793804732,64.15410328944844,62.43229399584253,59.612023931304115,68.7637410645598,52.25828041220101
St. Pierre Et Miquelon,46.04109847759425,46.131663772650185,48.924407979644016,46.761954930249125,40.874458799207844,53.73868771202537
St. Vincent & The Grenadines,58.97850783916555,59.047358824570395,58.604769865098206,55.97089539910546,60.861179499281214,52.16246096189769
Haiti,81.18758935072523,81.21916433600283,89.04785118250797,71.77947838446221,80.89925784313787,74.99691722630283
Cambodia,76.24472683569836,76.28459798323027,76.96244490083782,74.12704335791886,75.55565422736996,74.75661275093918
Heard and McDonald Islands,67.68022241881249,67.73446833765439,65.11579102866479,62.16483804259737,74.3042679920795,53.68545644438466
Uzbekistan,48.53637161293547,48.62274881035837,56.31470319797043,48.538108185873,39.027549947314895,60.96727290541074
St. Vincent and the Grenadines,47.79547410130405,47.88309483037519,44.71420625141566,48.01073204066083,49.2862352082214,44.59625371344495
Montserrat,44.089460556569435,44.18330150511671,47.464103152232965,45.37276510644524,37.859416069628715,53.71069883952945
Montenegro,71.94084017415065,71.98793501887418,66.12495604961514,70.3030326135998,77.59533557391934,61.209800903469635
Cabo Verde,48.51078304536913,48.59720319096381,45.78466004087681,48.51989406055503,49.83876777790877,45.412521737252334
Sudan,85.10185651435017,85.12686174467352,95.01464334690782,74.56568173334061,83.81013790611169,79.31027787637704
Honduras,58.58809502709603,58.65760128624665,64.34674080784637,60.272985601441384,49.05872767816531,72.64546876700591
Botswana,38.95924860280581,39.06170016324811,37.984160337815624,38.80333314897773,38.923790530566656,38.76957103834992
Mayotte,59.64402104827445,59.71175502798708,59.10273731156862,56.444612458884514,61.88931629706851,52.04469360481956
Mauritius,34.53762259669546,34.6474954695176,32.54552948104956,39.16762342423545,30.481203316949262,43.119226728778074
Tanzania,43.68328237236144,43.77780505545223,50.54014322120823,45.08364457129156,33.742673654286634,56.906776885281765
Maldives,68.56991398324269,68.6226666326375,66.4472069357323,62.79812685827153,74.99150050944485,54.70092015964661
Barbados,67.20284750515313,67.25789465601956,57.67152195049178,68.47015437767035,73.67185827927123,57.0132713834504
Australia,0.0,0.0,0.0,0.0,0.0,0.0
Macau,33.92159906453963,34.03250587896133,31.434602219150527,38.135208609716514,30.845044184281107,38.99255513217011
Kazakhstan,45.137019372392395,45.22910208512375,50.581962474974794,44.50838824961305,38.81545202299363,53.17698211724338
Turkiye,67.25516145485578,67.31012080133485,64.79774095855544,70.45987385533799,64.31765785151597,71.2875175796381
Italy,33.486037352348205,35.452298301577336,32.998736140920386,35.168556251307336,29.66891779734914,37.558385593725276
Bangladesh,83.45724492905168,83.48501049602521,83.57117338653013,81.09508259919846,83.45658770449266,80.1830293112471
Turkmenistan,61.632826852192636,61.69722279537451,72.96508589671052,57.860258647432886,52.187445503651375,72.23620509023661
Turks & Caicos,64.09383793804732,64.15410328944844,62.43229399584253,59.612023931304115,68.7637410645598,52.25828041220101
Malaysia,48.54526896003734,48.6316312240416,45.89962050014929,44.3517231311134,54.349860117674645,36.447052692948034
United Arab Emirates,44.76198476063666,44.854696936150084,41.44194609214302,35.16516325701184,57.23131342259931,21.351830672358926
Bahrain,73.54003157206515,73.58444231394898,67.84454171225114,74.14841213149496,76.58833165111659,68.0496422351182
Jamaica,56.01271013827206,56.08653895562454,53.7635298343495,60.18893625030286,52.11802639223792,61.34105941038738
Tuvalu,52.396834175628726,52.47673192441242,48.284675297933745,51.28601303517686,56.26313173725853,45.680687325082104
US Minor Outlying Islands,67.68022241881249,67.73446833765439,65.11579102866479,62.16483804259737,74.3042679920795,53.68545644438466
US Virgin Islands,49.5502959298835,49.634971344053994,51.55015014457679,49.2598267628885,46.295741175001496,53.76698735506606
Bahamas,59.85967642070804,59.92704844174687,54.618578239420614,57.32895870817822,66.22511067163211,47.74714362550564
Malawi,53.15759996030391,53.23622083028145,57.604301585467454,51.82753155917336,48.40510640009691,56.982218207659166
Uganda,73.70810433391726,73.7522329803759,74.72165953142571,66.45552748111673,78.35632399921538,61.146376157951806
Japan,22.101728782141656,25.674392405745216,18.01361801453186,21.514173337532046,23.553132987260973,14.506911439805267
"BES Islands (Bonaire, St Eustatius, Saba)",61.23684501155745,61.30190557561228,60.29456111133204,57.57839594252465,64.35003519285326,51.92947126346284
Azerbaijan,68.25468551494403,68.30796724774187,70.39461144509629,64.79781246059736,67.77246475713157,65.65444997864714
Austria,20.207902204812356,20.17691045983038,16.84596410288832,14.43097600852455,29.384367909018383,2.8735715436639597
Jordan,63.654001076681645,63.71500465577093,61.743758757195245,65.26895227007769,61.976763332029414,64.56611489844303
Madagascar,49.51815172314538,49.60288108855442,58.369122996121014,49.23694628674394,39.181799810272295,62.669112610952716
Ukraine,95.67789485676069,95.6851491320798,91.30200987641481,100.0,92.71937383306827,100.0
Turkey,65.57864052719927,60.885865955699124,68.3472845962476,60.66891702862846,69.77393559800437,62.72035608918451
Guinea-Bissau,67.18980544471314,67.2448744855369,73.73765919838253,61.81575573460359,64.26717431635507,66.73052431990052
Israel,51.50708630834786,51.5249294380828,48.05391167725046,43.231353858767655,62.542179241590446,30.746558966688735
Tunisia,88.94147445208502,88.96003521964836,84.13345763305506,91.19281157787815,88.86319926915789,86.98784716583302
Bosnia and Herzegovina,79.30620812623484,79.34094084528577,77.46078769876686,77.17414831378258,81.19377115675424,73.90082260450495
United States,28.21872829159509,29.456810716425963,25.92777965733946,20.285606857108508,37.414743242262844,7.826124942702439
Indonesia,52.93276139880211,53.31792128878469,52.83591079968472,51.03652329367958,53.254476588760724,49.69044995436459
Thailand,61.3711633548524,61.43599847732023,60.2258589047448,56.175298691833895,66.35858314163204,48.66044003880993
Bolivia,82.99646246864337,83.0250014186604,83.12314351581949,86.64120706674882,76.47685363892293,91.84689018144186
Mauritania,72.51773501571685,72.56386159292438,75.03858477920177,65.60821409086243,75.27068822036567,61.87224775854831
Luxembourg,9.542631613303005,9.873060750052971,5.625263659279986,11.274720861250405,11.174095930759124,9.069928801062282
Kenya,68.5041549958078,68.55701801590943,69.21083764577317,65.93359921360519,68.532780451939,64.25812647204435
Timor-Leste,49.52818622515408,49.61289874852947,54.14280532323903,49.24408891700708,43.56802158752568,57.71836817014789
Iran,65.5148614390308,65.57274172681838,75.88165042177549,60.62351861773438,58.17248415939189,71.54678508607837
Bhutan,62.54456574694329,62.60743141616318,57.026332297688484,58.509240910438265,70.75434050488492,47.555664199565356
Martinique,46.04109847759425,46.131663772650185,48.924407979644016,46.761954930249125,40.874458799207844,53.73868771202537
Marshall Islands,60.887934013991874,60.95358019462805,54.9511888349143,57.33003860020736,69.05763910883728,45.9336536725577
Aruba,28.132103228010763,28.2527272046405,25.044989688582803,34.014204086071246,24.02515605298628,36.75678349446085
Togo,71.36168176172693,71.40974867317207,73.61235710579146,64.78532712042743,74.06408852994794,60.98768566234206
Bermuda,39.75418520324527,39.855302532156934,44.220251688591006,42.28688511848963,31.16194401605225,51.920935759108765
Benin,49.90391227343935,49.98799417351696,54.37189937917823,49.51153340411865,44.20219658356822,57.36022028549523
Iraq,67.56086534991319,67.61531159915207,79.26113671826505,62.07987882771037,59.42496779653303,74.1973645271251
Tonga,54.74110537901704,54.81706847369851,51.60541103971627,52.95468203617345,58.267445453776425,48.096987074749904
Trinidad & Tobago,50.13450013239697,50.21819501092867,51.987278470447976,49.675667490521555,47.19826546723955,53.12167319522318
Belize,75.64218002308837,75.68306249272526,71.5621793461456,76.29385984592575,76.91741917862784,72.39421096562265
Malta,43.99161753579232,44.085622705289154,40.51338651667446,39.7516894027864,50.83244188353356,30.541862439484042
United Kingdom,15.415151223308108,16.187697612224916,14.506883190233072,13.65448045624071,17.21778083380364,11.984318151998524
Trinidad and Tobago,55.866025739931516,55.940100754212416,55.06527692836368,55.39777450296579,55.520244544584216,54.6633686450148
Ireland,31.764785755332614,30.112077864414218,24.00380508325333,27.557943806844627,44.69769149248204,12.316285347475313
Belgium,29.519740998036337,29.948955978300823,26.288075266385036,24.577799254240734,37.0289694618818,13.989306965047597
Mali,65.30010622830928,65.358346963928,74.8247406589903,60.47065432352835,58.76591140793372,71.31956181572473
Belarus,76.59307360189761,76.63236007986114,82.64041075512893,79.56313167807674,64.8712716508301,93.92793097685734
Lebanon,100.0,100.0,100.0,97.322472451285,100.0,96.2039423482764
Vanuatu,37.26783684823779,37.37312729531958,40.32922739792165,40.51708458530762,29.41712035875859,48.9788673612479
Spain,45.51714809292748,46.23170940990494,41.142031010434486,42.656504038252784,51.262612473161994,34.55262739354215
Saint Vincent and the Grenadines,60.19180882506324,60.25862339092137,59.512617200775416,60.404384064389724,58.86164837263503,60.60502893222819
Northern Mariana Islands,43.497498209682504,43.5923327152351,47.02116982761778,44.95140207618674,36.94490638986758,52.72648019292383
North Macedonia,53.4192371399884,53.49741887485183,53.158111862079096,52.013766774031026,53.601352635267816,51.59326168008469
Denmark,5.435015377791368,4.739383052111703,2.4482901092914213,8.350890260814008,5.734378772527098,8.048239603504955
Lesotho,55.468246418981536,55.54298907104885,59.995095597748914,53.47226622651263,51.291510772572245,59.92343518194312
Laos,62.89625742625399,62.958532811761515,67.3403926267807,58.75957756189991,60.921773294335324,62.409057956415715
Gabon,54.30053349701915,54.3772360530566,61.54690443526787,56.45016058343557,42.85002631893146,70.13775084388655
Samoa,31.888065238026446,32.002385161051336,32.010909224387625,36.68772469493908,25.537760363185996,42.57323349414108
San Marino,55.09019923254992,55.1655764037423,55.69535938094283,53.203169536675446,54.8542165947172,51.9793862356624
Sao Tome & Principe,66.89813425917242,66.95369284456125,64.53059686806778,61.608142099674225,73.09603710344493,53.37423005957308
Czech Republic,24.339576805233655,24.563782276734056,21.863052200466758,22.804706017177274,27.681100222748384,18.03842453215092
North Korea,83.85116006306386,83.87826447795065,91.64463397510852,73.67542705849692,84.39085056754134,76.01189978125555
Rwanda,54.549962989339676,54.62624689979816,54.822241787754656,52.81862551678695,54.5036662681798,52.30479679482528
Sao Tome and Principe,59.49362485623521,59.56161126279722,62.22038999090566,56.33755937425799,58.322343802753984,57.94682880625438
"Gambia, The",63.39260217017616,63.45404448445884,64.71245727989202,59.112879298829256,64.78486678214327,56.32281597377941
Norfolk Island,68.62615248625168,68.6788107442398,65.82357920442915,62.83815782674391,75.76561465981857,54.06188254359727
Saudi Arabia,47.13239952996562,47.22113317168885,48.80376235677987,39.37210031473215,52.390183845833626,35.15539417800838
Niue,58.99347507459952,59.06230093880925,58.615969035764934,55.98154918428322,60.88430205387547,52.03536398065426
Algeria,67.14242473242867,67.1975732976324,71.4819246355317,61.78202980489036,66.4860481804896,63.559350671550696
West Bank and Gaza,67.184742405067,67.2398199437598,73.73008240234164,61.812151826789474,64.26326342676069,66.72458578010493
Nigeria,56.63514164564432,56.7079257661715,65.68105273794139,58.059408341356175,44.0492534027283,73.35617802753201
Curacao,63.91683370262391,63.97739614014717,62.29985132465008,59.4860310511846,68.49029109345153,53.9945793044563
Cuba,72.56947494073252,72.6155146770029,74.53081897911804,65.64504293936031,75.9147696038223,61.34973599040768
Senegal,66.13180910376147,66.18865389887382,64.61958806022561,63.54353326946616,68.53616231229448,59.547262588777784
Georgia,65.50462602700226,65.56252349403339,59.8947462027792,65.28209022021557,69.58928360202204,58.11229560474539
Croatia,34.50246467258176,35.14290977990653,34.59801365054857,33.84804512118143,33.61594929704608,34.267705491091945
Cyprus,41.53997938649431,41.63809941611796,38.632714292848526,41.94654651000934,42.81714264849483,39.491817119057956
French Southern Territory,45.02101569161947,45.113293106379224,48.16113534558099,46.0358527109555,39.298555218790064,51.83545013321517
Yemen,88.77185648524674,88.79070194172667,99.19138660917469,77.17801394824912,88.00290057340595,81.92589650545631
Albania,59.38305848045147,59.451230463001195,57.482268854344255,60.7282454221769,58.10735528915689,60.826698872013715
Faroe Islands,46.04109847759425,46.131663772650185,48.924407979644016,46.761954930249125,40.874458799207844,53.73868771202537
Equatorial Guinea,77.87645590878441,77.91358834183573,83.80056379406392,69.42258993028337,78.64326114769158,70.53261942507861
Panama,35.7149186727388,35.82281555710515,40.43808001855304,32.12117600594539,33.61768373281948,35.213764907840314
Poland,38.85685353487493,38.39956049303282,37.87615491157528,37.083923765213186,41.01800992683029,34.68335119622111
El Salvador,84.70215425073346,84.72783034633426,79.57069598659979,87.07139338849692,84.94750581211945,83.74810734306706
Fiji,44.30114401156816,44.39462966795752,44.215666970185254,50.75198400400834,36.029513206177526,57.84780929625192
Afghanistan,90.83167819663099,90.84706642259304,99.0539607631559,78.64420976740122,92.91803010745602,79.40416485437072
Zambia,55.19722038455884,55.27241793011143,58.42463551998821,59.339065181457116,45.70881031655942,70.25014111464165
Portugal,30.816437599126285,31.989507012494165,28.336524130795816,30.725540787652427,31.672123922940404,27.42618592397841
Palau,31.8512817485026,31.965663409396278,32.541057203782664,36.66154194414292,24.905231914729303,43.112819219580615
Egypt,89.3696525302024,89.38749463832518,86.99592582472413,89.26660877581975,89.3214210470109,86.44021086065558
Finland,21.56157594617427,21.373641373428672,15.376206549956747,16.66916483737883,32.77500585156219,2.1463523607371178
Pakistan,73.47837797333827,73.52289219539317,78.63544222020978,78.34182255734933,60.70742447229587,92.64352324851895
Puerto Rico,38.0389738681915,38.14297002925615,39.46279009818684,41.06598542871593,32.09854154195118,47.10317000253592
Ecuador,77.56232489538351,77.59998456985586,77.0670363715658,80.79821551547566,72.27931350986391,84.61574477728627
Qatar,25.53135159604117,25.65634070673165,27.1463426241519,21.241193369390977,27.681189752752772,19.033453249618574
Reunion,43.10645412986246,43.20194496868853,46.72857274731927,44.67305410472516,36.34079094555029,52.57086700051804
France,17.2322139821363,18.449867787435878,17.562774965947366,16.27779067820173,16.48384229528469,16.91284792812641
Oman,60.097168275643774,60.16414168738351,57.23013984877122,59.04132200282909,62.40467765286264,55.395113250360616
Dominican Republic,62.47649453603275,62.53947445682425,59.61056198146605,65.59838893810742,60.183227134370924,66.18309419397565
Romania,51.48779832469516,51.5692218106183,49.814234849428466,51.659392473421484,51.47023321872843,49.72751791004993
Dominica,53.71633964576462,53.79402272006719,48.35294216802034,52.22524646153076,59.25037027339983,43.66247319529541
French Guiana,26.090043136053342,26.214094531876796,24.21200939084311,32.56065111459913,20.152968443669614,36.82819164978205
French Polynesia,39.16610192854505,39.2682063037788,43.78022086334782,41.86828323954385,30.25342703005266,51.751483515727394
Russia,61.58148732236503,61.64596943445576,70.27611585967792,58.36531196828785,54.25665840849866,68.93306532598092
Norway,30.60243465925017,31.047503139832465,22.060474735151782,26.265239218969903,42.893672935806514,8.60634129504263
Djibouti,65.85385603137794,65.9111673464027,71.91943076202112,60.864817391928085,63.04837362248404,64.43904468964949
Germany,38.362174072300284,39.140395804827186,30.9853094446376,31.788677205007136,51.394195549642404,14.707128816722411
Niger,51.649100561701374,51.73025331593287,61.00061799216003,50.753770903481374,41.40330414812695,63.79849013785852
Serbia,48.76325104916786,48.84924744930792,50.66891486890594,48.69960259046978,45.38163710552739,52.9744823944849
Cote d'Ivoire,61.39714944241844,61.46194094951197,63.60520455014331,57.692501782375224,61.3038237955842,58.04553731240267
Guam,43.143530489130264,43.238959098531296,46.7563149764686,44.699445322298686,36.39806940188964,53.334272740316834
Nepal,73.69936824694364,73.74351155615989,73.4156037147401,66.4493090719575,79.68436468257603,59.851806630408056
Solomon Islands,69.08594384198737,69.13783038041447,67.82969707385533,63.165440600653966,74.76011470293747,55.89598305290197
Cocos (Keeling) Islands,41.50878392938989,41.60695631785884,45.533122771057386,43.53582103480932,33.872585203949086,51.935085580629114
Christmas Island,43.273033753490544,43.36824500299328,46.85321524678693,44.79162667164664,36.59813616194788,52.443442310773236
Venezuela,75.83016456061932,75.8707315146577,86.81993478448601,78.3827308401759,59.48035433970059,98.15385507279551
China,40.94297798090774,40.78597213609528,47.66680753541466,35.315881411713484,39.040000782241876,40.00732903531299
Guatemala,52.92458975965195,53.00360171686398,59.55013897890746,54.857320405349256,42.38854182759319,66.92051349462358
Somalia,68.71710120687793,68.76960681539607,84.3191592484023,62.902895776248215,56.88276770916075,81.8173855919314
Nauru,62.15616948094704,62.21968703931656,58.04454246916213,58.23277767178482,68.8031708523379,48.56871351741977
Chile,38.05441894098699,37.51681414617489,36.096096196790015,35.655103131326314,41.990006843526515,32.17317874105005
South Africa,47.892799003971916,47.93116911506468,50.5360651260404,52.72242574781458,38.50179009684431,62.002603648642385
South Georgia/Sandwich Islands,41.50878392938989,41.60695631785884,45.533122771057386,43.53582103480932,33.872585203949086,51.935085580629114
Guinea,67.41436858477356,67.46906071601494,74.07371603961936,61.97560138302672,64.44063565758968,66.98671646222061
Angola,89.03302472042162,89.05143182886978,88.16328348792277,88.63324221370247,87.76353781562719,88.40734482521262
Guinea (Rep Of),51.01645918716312,51.09867377458864,52.6472006063007,50.30345225053967,48.56078471694895,52.04850960193019
Namibia,55.44932794736269,55.524102352429324,52.803464578970505,59.06414521126039,52.58902114770415,59.44874502870244
Anguilla,46.19414793107957,46.284456346018935,49.03892658647652,46.870896625340244,41.11090155174192,52.30228971043254
Antarctica,39.16610192854505,39.26820630377879,43.78022086334782,41.86828323954385,30.253427030052656,51.751483515727394
Chad,85.47522788820349,85.49960644734408,91.03807814587537,74.83145014635873,88.78049865636187,73.29124294295704
Antigua & Barbuda,62.97090363518474,63.03305373356177,61.592063148885714,58.812711267038054,67.02894442571247,53.6181532052437
South Korea,34.2607514557792,33.97336913662271,29.83316768444066,26.620439920093673,46.34948715655509,12.047070300657102
South Sudan,68.62615248625168,68.6788107442398,65.82357920442915,62.83815782674391,75.76561465981857,54.06188254359727
Guinea Bissau,66.08255221833993,66.13947968682471,63.920341052402904,61.02760497268152,71.83606225047829,53.049675024495734
Central African Republic,82.20386203325464,82.23373129375368,91.23149405928358,72.50286854488621,81.00003664391036,75.35666552317153
Myanmar,76.30333963431639,76.34311240539415,87.37598609138018,68.30283452042552,71.30682411592075,77.13130670071777
Vatican City,45.02101569161947,45.113293106379224,48.16113534558099,46.0358527109555,39.298555218790064,51.83545013321517
Colombia,53.23483601242264,52.900599242766525,55.679690138068004,52.870848967892314,49.81774331816132,56.32206479284232
Cayman Islands,30.709421517486295,30.825719690870347,27.1378236485661,35.8487576689218,27.83711773884596,37.06406765802442
Guadeloupe,59.38451915441956,59.452688685355824,58.90856611606344,56.25989715574479,61.48841749819276,52.19097717306005
Libya,85.52752970258786,85.55182047770916,94.64007524885926,74.86867895172601,85.1832368376145,78.65812897392436
American Samoa,41.50878392938989,41.60695631785884,45.533122771057386,43.53582103480932,33.872585203949086,51.935085580629114
Liberia,73.17028818103508,73.21531950484996,75.40486926047497,66.07270609882418,76.40473320167541,62.01077067966293
Kyrgyzstan,72.9975954166494,73.04291659015949,76.11015438487823,65.9497821546106,75.27645994045439,64.3283214225573
Seychelles,53.10934099215038,53.188042860583515,48.90755921434234,51.793180480654165,57.27121219206393,44.42272747128543
Ghana,53.95088868192225,54.02817808618957,54.504510216315715,59.733522095430594,45.47676835928898,68.79234253912198
Nicaragua,68.48480135161313,68.53769685511317,74.37168364810366,71.86988376603584,56.703330226891836,86.3137137823695
Costa Rica,54.509385332064156,54.58573734857003,48.9726070398054,59.095577620064276,53.60543972183701,57.35318417309136
Gibraltar,63.05224788455235,63.114261453724055,61.652928639740324,58.87061268524123,67.15461137704946,52.09333759562992
Sierra Leone,59.371644564823626,59.43983570463206,65.34776497643618,56.25073293083419,54.811183302449116,63.26848915951191
Cook Islands,64.38852474950465,64.44829549487646,62.65279215726355,59.82178411031867,69.21899627292383,54.02770853261051
Congo (People's Rep Of),67.40455913016517,67.45926772571782,64.90952713779905,61.9686189431119,73.87840180794039,53.708811297357585
Wallis & Futuna,63.68782662279331,63.74877342866302,62.128497744877265,59.32302217466477,68.13650306564827,52.22976420103866
Congo (Kinshasa),74.61215922796131,74.65477049738085,84.84514890604153,67.09904021748876,70.00049030941476,75.20133640274715
Vietnam,44.50610333296465,44.59924498306601,50.31118300738504,45.66933441312569,35.88577406995603,55.6465353667801
New Zealand,30.042988061691883,30.1604047853217,21.189155407867304,22.907624702435594,45.96247132846215,3.528359958756318
Singapore,23.282794604014438,23.411557720877912,16.732075236729514,21.055067101950687,31.686672759613156,9.299651896147711
Congo (Democratic Rep Of),64.97339099155286,65.03218009011043,63.090415851419,60.23809608242523,70.1225433355561,54.03242513978396
Congo (Brazzaville),66.72805716475264,66.78390120966351,73.04665679982183,61.48708000804093,63.91050190817098,66.20360613036513
Greece,43.535605740359514,44.95966653721266,42.69405836141401,46.483605027258506,38.838432432397106,49.85005263309669
Greenland,49.47083258139233,49.5556413678406,51.49069202985489,49.20326418337511,46.17297998628135,52.049036940596615
Slovakia,37.95279339214523,38.38800254455513,37.13116081464416,34.67011661838038,40.923794002640406,30.866433074349537
New Caledonia,67.68022241881249,67.73446833765439,65.11579102866479,62.16483804259737,74.3042679920795,53.68545644438466
Netherlands,24.8229956283946,24.938034393188016,18.896792001235042,17.582046037328112,37.98828194554996,2.4769793078241458
Comoros,77.40605065426959,77.4439726213824,81.81746533629625,69.08775210734709,79.60040162832678,67.33494290462839
Andorra,21.486068554759026,21.617847319091116,17.32220033977535,29.28350909533185,16.596678637308,31.57383525572113
Slovenia,35.17782559394956,35.215282115393286,31.642186268058925,32.03129558033934,41.191227765196786,24.11467777497079
Grenada,36.062251338265256,36.169565255142494,36.186982802776384,39.65894020097437,30.89957354971955,44.53152255030618
Kuwait,49.868155263644645,49.95229717873462,50.42301083613516,41.45795494234507,56.907869765928076,34.47884331905784
Zimbabwe,77.76730843791204,77.80462406544333,83.18712411978902,69.344897980257,79.0236060675663,68.15409555348931
