Year,Alpha3,Country,Fitch,Moody,S&P
2006,AGO,Angola,14.502156611123691,14.166666666666677,15.2563445584831
2007,AGO,Angola,14.502156611123691,14.166666666666677,15.2563445584831
2008,AGO,Angola,14.502156611123691,14.166666666666677,15.2563445584831
2009,AGO,Angola,14.502156611123691,14.166666666666677,15.2563445584831
2010,AGO,Angola,14.0,14.0,14.734496109916757
2011,AGO,Angola,13.0,13.0,13.0
2012,AGO,Angola,13.0,12.666666666666666,13.25
2013,AGO,Angola,13.0,12.333333333333334,13.5
2014,AGO,Angola,13.0,12.0,13.658553658230623
2015,AGO,Angola,13.0,12.0,14.0
2016,AGO,Angola,14.0,12.0,15.0
2017,AGO,Angola,15.0,14.0,16.0
2018,AGO,Angola,15.0,15.0,16.333333333333332
2019,AGO,Angola,15.0,15.5,16.666666666666668
2020,AGO,Angola,16.0,16.0,17.0
2021,AGO,Angola,16.0,16.0,16.5
2022,AGO,Angola,16.0,16.0,16.0
2023,AGO,Angola,15.76617458342762,16.0,16.60105930454948
2024,AGO,Angola,15.76617458342762,16.0,16.60105930454948
2006,ALB,Albania,,14.0,14.181818181818182
2007,ALB,Albania,,14.0,14.181818181818182
2008,ALB,Albania,,14.0,14.181818181818182
2009,ALB,Albania,,14.0,14.181818181818182
2010,ALB,Albania,,14.0,14.0
2011,ALB,Albania,,14.0,14.333333333333334
2012,ALB,Albania,,14.0,14.666666666666666
2013,ALB,Albania,,14.0,15.0
2014,ALB,Albania,,14.0,14.666666666666666
2015,ALB,Albania,,14.0,14.333333333333334
2016,ALB,Albania,,14.0,14.0
2017,ALB,Albania,,14.0,14.0
2018,ALB,Albania,,14.0,14.0
2019,ALB,Albania,,14.0,14.181818181818182
2020,ALB,Albania,,14.0,14.181818181818182
2021,ALB,Albania,,14.0,14.181818181818182
2022,ALB,Albania,,14.0,14.181818181818182
2023,ALB,Albania,,14.0,14.0
2024,ALB,Albania,,14.0,13.0
2006,ARE,United Arab Emirates,0.5090970100275118,4.0,3.0
2007,ARE,United Arab Emirates,3.0,3.0,3.0
2008,ARE,United Arab Emirates,3.0,3.0,3.0
2009,ARE,United Arab Emirates,3.0,3.0,3.0
2010,ARE,United Arab Emirates,3.392602010517185,3.1024460666475107,3.0
2011,ARE,United Arab Emirates,3.0,3.148316626601536,3.0
2012,ARE,United Arab Emirates,3.0,3.148316626601536,3.0
2013,ARE,United Arab Emirates,3.0,3.148316626601536,3.0
2014,ARE,United Arab Emirates,3.0,3.148316626601536,3.0
2015,ARE,United Arab Emirates,3.0,3.148316626601536,3.0
2016,ARE,United Arab Emirates,3.0,3.0,3.0
2017,ARE,United Arab Emirates,3.0,3.0,3.0
2018,ARE,United Arab Emirates,6.0,3.0,3.0
2019,ARE,United Arab Emirates,6.0,3.0,3.0
2020,ARE,United Arab Emirates,4.0,3.0,3.0
2021,ARE,United Arab Emirates,3.721712389588223,3.0,3.0
2022,ARE,United Arab Emirates,3.721712389588223,3.0,3.0
2023,ARE,United Arab Emirates,3.721712389588223,3.0,3.0
2024,ARE,United Arab Emirates,3.392602010517185,3.1024460666475107,3.0
2006,ARG,Argentina,13.0,12.0,15.761784282509822
2007,ARG,Argentina,13.0,12.625,15.99361504430492
2008,ARG,Argentina,12.0,13.25,16.56593934590929
2009,ARG,Argentina,13.0,14.565280725576628,16.711828172042104
2010,ARG,Argentina,15.0,13.437758286429125,15.0
2011,ARG,Argentina,15.0,13.810358900128351,15.5
2012,ARG,Argentina,15.0,14.182959513827578,16.0
2013,ARG,Argentina,13.0,14.780026725472508,17.0
2014,ARG,Argentina,13.0,17.0,19.0
2015,ARG,Argentina,14.0,13.0,17.5
2016,ARG,Argentina,14.0,14.0,16.0
2017,ARG,Argentina,14.0,16.0,15.0
2018,ARG,Argentina,14.0,14.0,15.0
2019,ARG,Argentina,14.0,13.0,16.0
2020,ARG,Argentina,13.0,20.0,19.0
2021,ARG,Argentina,16.0,13.0,14.0
2022,ARG,Argentina,19.0,13.0,14.0
2023,ARG,Argentina,21.0,13.0,14.0
2024,ARG,Argentina,12.647245685608734,15.499100496288383,18.0
2006,ARM,Armenia,13.187576774152864,12.0,14.0
2007,ARM,Armenia,13.232003589733228,12.11111111111111,14.0
2008,ARM,Armenia,13.276430405313596,12.22222222222222,14.0
2009,ARM,Armenia,13.57371270094832,12.965722870426076,14.0
2010,ARM,Armenia,13.57371270094832,12.965722870426076,14.0
2011,ARM,Armenia,13.57371270094832,12.965722870426076,14.0
2012,ARM,Armenia,13.57371270094832,12.965722870426076,14.0
2013,ARM,Armenia,13.57371270094832,12.965722870426076,14.0
2014,ARM,Armenia,13.0,12.221063982205685,14.0
2015,ARM,Armenia,14.0,13.0,14.0
2016,ARM,Armenia,14.0,14.0,14.0
2017,ARM,Armenia,14.0,14.0,14.0
2018,ARM,Armenia,14.0,14.0,14.0
2019,ARM,Armenia,14.0,13.0,14.0
2020,ARM,Armenia,13.0,13.0,14.0
2021,ARM,Armenia,13.587418114376169,13.0,14.0
2022,ARM,Armenia,13.587418114376169,13.0,14.0
2023,ARM,Armenia,13.587418114376169,13.0,14.0
2024,ARM,Armenia,13.57371270094832,12.965722870426076,14.0
2006,AUS,Australia,1.5412468132662949,1.5198934023483508,1.7419888558940106
2007,AUS,Australia,1.5412468132662949,1.5198934023483508,1.7419888558940106
2008,AUS,Australia,1.5412468132662949,1.5198934023483508,1.7419888558940106
2009,AUS,Australia,1.5412468132662949,1.5198934023483508,1.7419888558940106
2010,AUS,Australia,1.5412468132662949,1.5198934023483508,1.7419888558940106
2011,AUS,Australia,1.0,1.1208902699386734,1.8393835050099088
2012,AUS,Australia,1.0,1.43918882821544,2.0
2013,AUS,Australia,1.0,1.2184285347227697,1.8888888888888888
2014,AUS,Australia,1.0,1.0,1.7777777777777777
2015,AUS,Australia,2.0,1.0,1.2269948716767276
2016,AUS,Australia,2.0,2.0,1.730959787832567
2017,AUS,Australia,2.0,2.0,1.730959787832567
2018,AUS,Australia,2.0,2.0,1.730959787832567
2019,AUS,Australia,2.0,2.0,1.730959787832567
2020,AUS,Australia,2.0,2.0,1.730959787832567
2021,AUS,Australia,2.868756489035317,1.5,1.0
2022,AUS,Australia,0.5984823221148816,1.0,2.0
2023,AUS,Australia,1.5117342524630375,2.0,2.0
2024,AUS,Australia,0.5984823221148816,1.0,2.0
2006,AUT,Austria,1.683204100493063,1.090313854086449,1.7895807371475083
2007,AUT,Austria,1.683204100493063,1.090313854086449,1.7895807371475083
2008,AUT,Austria,1.683204100493063,1.090313854086449,1.7895807371475083
2009,AUT,Austria,1.683204100493063,1.090313854086449,1.7895807371475083
2010,AUT,Austria,1.683204100493063,1.090313854086449,1.7895807371475083
2011,AUT,Austria,2.0,1.091526429614582,1.7167108249024854
2012,AUT,Austria,1.0,1.1154047579077262,2.0
2013,AUT,Austria,1.0,1.057462769687994,1.8888888888888888
2014,AUT,Austria,1.0,1.0,1.7777777777777777
2015,AUT,Austria,1.0,1.0,1.7784588047493264
2016,AUT,Austria,1.0,1.0,1.7784588047493264
2017,AUT,Austria,1.0,1.0,1.7784588047493264
2018,AUT,Austria,1.0,1.0,1.7784588047493264
2019,AUT,Austria,1.0,1.0,1.7784588047493264
2020,AUT,Austria,1.0,1.0,1.7784588047493264
2021,AUT,Austria,4.280122372227549,1.0,1.0
2022,AUT,Austria,0.0672863911328156,1.0,2.0
2023,AUT,Austria,8.150162252409864,2.0,2.0
2024,AUT,Austria,0.0672863911328156,1.0,2.0
2006,AZE,Azerbaijan,10.657432240119894,11.0,10.708380866492522
2007,AZE,Azerbaijan,11.0,10.833333333333334,11.15265083152727
2008,AZE,Azerbaijan,10.666666666666666,10.666666666666666,11.0
2009,AZE,Azerbaijan,10.333333333333334,10.188729681445867,10.666666666666666
2010,AZE,Azerbaijan,10.0,9.968996489474748,10.333333333333334
2011,AZE,Azerbaijan,10.0,10.663482457042589,10.0
2012,AZE,Azerbaijan,10.0,10.0,10.2
2013,AZE,Azerbaijan,10.0,10.0,10.4
2014,AZE,Azerbaijan,10.0,10.0,10.312938406304555
2015,AZE,Azerbaijan,10.0,10.0,10.312938406304555
2016,AZE,Azerbaijan,11.0,11.0,11.0
2017,AZE,Azerbaijan,11.0,11.0,11.0
2018,AZE,Azerbaijan,11.0,11.5,11.0
2019,AZE,Azerbaijan,11.0,12.0,10.748542439859753
2020,AZE,Azerbaijan,11.0,12.0,10.748542439859753
2021,AZE,Azerbaijan,11.22090457318016,12.0,11.0
2022,AZE,Azerbaijan,10.657432240119894,11.0,10.708380866492522
2023,AZE,Azerbaijan,10.657432240119894,11.0,10.708380866492522
2024,AZE,Azerbaijan,10.657432240119894,11.0,10.708380866492522
2006,BEL,Belgium,2.0,4.0,3.0
2007,BEL,Belgium,2.0,4.0,3.0
2008,BEL,Belgium,2.0,4.0,3.0
2009,BEL,Belgium,3.0,4.0,3.0
2010,BEL,Belgium,3.0,4.0,3.0
2011,BEL,Belgium,2.0,4.0,3.0
2012,BEL,Belgium,3.0,4.0,3.0
2013,BEL,Belgium,3.0,4.0,3.0
2014,BEL,Belgium,3.0,4.0,3.0
2015,BEL,Belgium,3.0,4.0,3.0
2016,BEL,Belgium,3.0,4.0,3.0
2017,BEL,Belgium,4.0,4.0,3.0
2018,BEL,Belgium,4.0,4.0,3.0
2019,BEL,Belgium,4.0,4.0,3.0
2020,BEL,Belgium,4.0,4.0,3.0
2021,BEL,Belgium,3.0,4.0,3.0
2022,BEL,Belgium,3.0,4.0,3.0
2023,BEL,Belgium,3.0,4.0,3.0
2024,BEL,Belgium,3.0,4.0,3.0
2006,BGD,Bangladesh,13.0,13.21428571428571,13.044160919815887
2007,BGD,Bangladesh,13.0,13.21428571428571,13.044160919815887
2008,BGD,Bangladesh,13.0,13.21428571428571,13.044160919815887
2009,BGD,Bangladesh,13.0,13.21428571428571,13.044160919815887
2010,BGD,Bangladesh,13.0,13.0,13.0
2011,BGD,Bangladesh,13.0,13.0,13.0
2012,BGD,Bangladesh,13.0,13.0,13.0
2013,BGD,Bangladesh,13.0,13.21428571428571,13.044160919815887
2014,BGD,Bangladesh,13.0,13.0,12.95758365304694
2015,BGD,Bangladesh,13.0,13.0,12.95758365304694
2016,BGD,Bangladesh,13.0,13.0,12.95758365304694
2017,BGD,Bangladesh,13.0,13.0,12.95758365304694
2018,BGD,Bangladesh,13.0,13.0,12.95758365304694
2019,BGD,Bangladesh,13.0,13.0,12.95758365304694
2020,BGD,Bangladesh,13.0,13.0,12.95758365304694
2021,BGD,Bangladesh,13.0,13.0,12.95758365304694
2022,BGD,Bangladesh,13.0,13.0,12.95758365304694
2023,BGD,Bangladesh,13.0,14.0,13.0
2024,BGD,Bangladesh,13.0,15.0,14.0
2006,BGR,Bulgaria,9.637724870616548,10.0,10.009978174484154
2007,BGR,Bulgaria,9.640007438355507,9.8,9.931190287356198
2008,BGR,Bulgaria,9.0,9.6,9.0
2009,BGR,Bulgaria,10.0,7.773630780338256,9.166666666666666
2010,BGR,Bulgaria,10.0,8.050716398590753,9.333333333333334
2011,BGR,Bulgaria,10.0,9.0,9.857034464536856
2012,BGR,Bulgaria,10.0,9.0,9.857034464536856
2013,BGR,Bulgaria,10.0,9.0,9.857034464536856
2014,BGR,Bulgaria,10.0,9.159058871600733,10.0
2015,BGR,Bulgaria,10.0,9.0,10.0
2016,BGR,Bulgaria,10.0,9.0,10.0
2017,BGR,Bulgaria,10.0,9.0,10.0
2018,BGR,Bulgaria,9.0,9.0,9.5
2019,BGR,Bulgaria,9.0,9.0,9.0
2020,BGR,Bulgaria,9.0,8.0,9.0
2021,BGR,Bulgaria,9.444977729476522,8.0,9.0
2022,BGR,Bulgaria,9.660550548006167,8.0,9.222099303204606
2023,BGR,Bulgaria,9.444977729476522,8.0,9.0
2024,BGR,Bulgaria,9.657124350885065,8.799078113918316,9.540798397703078
2006,BHR,Bahrain,7.0,7.0,8.258154660946431
2007,BHR,Bahrain,6.0,6.0,7.534313230626073
2008,BHR,Bahrain,6.0,6.333333333333333,7.789121552147296
2009,BHR,Bahrain,6.0,6.666666666666667,8.043929873668517
2010,BHR,Bahrain,6.8445013780092285,7.0,8.264465344596783
2011,BHR,Bahrain,6.0,8.0,9.0
2012,BHR,Bahrain,9.0,8.5,9.25
2013,BHR,Bahrain,9.0,9.0,9.5
2014,BHR,Bahrain,9.0,9.5,10.088050003868982
2015,BHR,Bahrain,10.0,10.0,10.0
2016,BHR,Bahrain,11.0,11.0,12.0
2017,BHR,Bahrain,11.0,14.0,14.0
2018,BHR,Bahrain,13.0,15.0,14.0
2019,BHR,Bahrain,13.0,15.0,14.0
2020,BHR,Bahrain,14.0,15.0,14.089469637752613
2021,BHR,Bahrain,13.18797599491542,15.0,14.0
2022,BHR,Bahrain,13.18797599491542,15.0,14.0
2023,BHR,Bahrain,13.18797599491542,15.0,14.0
2024,BHR,Bahrain,13.197624310378112,15.0,14.122032879028378
2006,BHS,Bahamas,,9.432168671509736,10.786179121182291
2007,BHS,Bahamas,,9.432168671509736,10.786179121182291
2008,BHS,Bahamas,,9.432168671509736,10.786179121182291
2009,BHS,Bahamas,,6.691668298529802,8.0
2010,BHS,Bahamas,,7.183453800378789,8.5
2011,BHS,Bahamas,,7.675239302227776,9.0
2012,BHS,Bahamas,,8.0,9.25
2013,BHS,Bahamas,,8.5,9.5
2014,BHS,Bahamas,,9.0,10.35911210031727
2015,BHS,Bahamas,,9.0,10.0
2016,BHS,Bahamas,,9.0,11.0
2017,BHS,Bahamas,,10.0,11.25
2018,BHS,Bahamas,,10.0,11.5
2019,BHS,Bahamas,,10.0,11.347307332917328
2020,BHS,Bahamas,,10.0,12.0
2021,BHS,Bahamas,,13.0,14.0
2022,BHS,Bahamas,,14.0,15.30008826331756
2023,BHS,Bahamas,,9.432168671509736,10.786179121182291
2024,BHS,Bahamas,,9.432168671509736,10.786179121182291
2006,BIH,Bosnia and Herzegovina,,15.0,13.494281730938155
2007,BIH,Bosnia and Herzegovina,,15.166666666666666,13.744972996440024
2008,BIH,Bosnia and Herzegovina,,15.333333333333334,14.0
2009,BIH,Bosnia and Herzegovina,,15.561219277765671,14.333333333333334
2010,BIH,Bosnia and Herzegovina,,15.781439842246751,14.666666666666666
2011,BIH,Bosnia and Herzegovina,,16.001660406727837,15.0
2012,BIH,Bosnia and Herzegovina,,16.0,15.0
2013,BIH,Bosnia and Herzegovina,,16.0,15.0
2014,BIH,Bosnia and Herzegovina,,16.0,14.99842932394936
2015,BIH,Bosnia and Herzegovina,,15.824684418152238,14.73472881349569
2016,BIH,Bosnia and Herzegovina,,16.0,14.99842932394936
2017,BIH,Bosnia and Herzegovina,,16.0,14.99842932394936
2018,BIH,Bosnia and Herzegovina,,16.0,14.99842932394936
2019,BIH,Bosnia and Herzegovina,,16.0,14.99842932394936
2020,BIH,Bosnia and Herzegovina,,16.0,14.99842932394936
2021,BIH,Bosnia and Herzegovina,,16.0,14.99842932394936
2022,BIH,Bosnia and Herzegovina,,16.0,14.99842932394936
2023,BIH,Bosnia and Herzegovina,,16.0,15.0
2024,BIH,Bosnia and Herzegovina,,16.0,14.99842932394936
2006,BLR,Belarus,15.67292563325129,16.328124999999996,16.01127237050385
2007,BLR,Belarus,14.338860454401232,14.0,15.089743682903052
2008,BLR,Belarus,14.482115775620032,14.25,15.188699783585015
2009,BLR,Belarus,14.62537109683883,14.5,15.28765588426698
2010,BLR,Belarus,15.67292563325129,16.328124999999996,16.01127237050385
2011,BLR,Belarus,14.964449004788184,15.0,16.0
2012,BLR,Belarus,15.213705127005657,15.5,15.833333333333334
2013,BLR,Belarus,15.46296124922313,16.0,15.666666666666666
2014,BLR,Belarus,15.771413666589217,16.5,16.0793046897227
2015,BLR,Belarus,16.057924309026816,17.0,16.27721689108663
2016,BLR,Belarus,16.0,17.0,16.270200108985108
2017,BLR,Belarus,16.0,16.5,15.0
2018,BLR,Belarus,15.0,16.0,15.6
2019,BLR,Belarus,15.0,16.0,16.2
2020,BLR,Belarus,15.0,16.0,15.822557364178868
2021,BLR,Belarus,16.5,16.0,16.004465021335175
2022,BLR,Belarus,18.0,20.0,18.0
2023,BLR,Belarus,18.350009448527587,21.0,17.860514501998072
2024,BLR,Belarus,15.67292563325129,16.328124999999996,16.01127237050385
2006,BLZ,Belize,,16.97222222222222,17.07507337976043
2007,BLZ,Belize,,17.0,17.07505926826804
2008,BLZ,Belize,,16.5,17.075313275131066
2009,BLZ,Belize,,16.0,17.075567281994097
2010,BLZ,Belize,,16.333333333333332,17.07539794408541
2011,BLZ,Belize,,16.666666666666668,16.0
2012,BLZ,Belize,,17.0,16.0
2013,BLZ,Belize,,18.0,16.0
2014,BLZ,Belize,,18.0,16.333333333333332
2015,BLZ,Belize,,18.0,16.666666666666668
2016,BLZ,Belize,,17.0,17.0
2017,BLZ,Belize,,16.0,17.25
2018,BLZ,Belize,,16.0,17.5
2019,BLZ,Belize,,16.0,17.075567281994097
2020,BLZ,Belize,,17.0,18.0
2021,BLZ,Belize,,17.5,20.0
2022,BLZ,Belize,,18.0,17.074551254541984
2023,BLZ,Belize,,17.5,17.07480526140501
2024,BLZ,Belize,,17.0,17.07505926826804
2006,BOL,Bolivia,14.324953448876412,14.405986238234744,14.999104516179054
2007,BOL,Bolivia,16.0,16.166655243988615,14.99642519506406
2008,BOL,Bolivia,15.5,15.641097044236766,14.997224970170016
2009,BOL,Bolivia,15.0,15.0,14.998078396624363
2010,BOL,Bolivia,14.0,14.0,14.999654210544197
2011,BOL,Bolivia,14.0,13.5,14.0
2012,BOL,Bolivia,13.0,13.0,13.0
2013,BOL,Bolivia,13.0,13.0,16.0
2014,BOL,Bolivia,13.0,13.0,12.0
2015,BOL,Bolivia,12.0,13.0,18.0
2016,BOL,Bolivia,13.0,13.0,18.5
2017,BOL,Bolivia,13.0,13.0,19.0
2018,BOL,Bolivia,13.0,13.0,13.0
2019,BOL,Bolivia,13.0,13.0,13.5
2020,BOL,Bolivia,15.0,14.0,14.0
2021,BOL,Bolivia,15.333333333333334,15.0,14.0
2022,BOL,Bolivia,15.666666666666666,16.0,15.0
2023,BOL,Bolivia,16.0,17.0,15.0
2024,BOL,Bolivia,18.349162079775432,19.0,14.992498518820357
2006,BRA,Brazil,12.0,12.0,12.431897898723095
2007,BRA,Brazil,12.0,11.0,11.781771215449906
2008,BRA,Brazil,10.0,10.5,10.0
2009,BRA,Brazil,10.0,10.0,9.666666666666666
2010,BRA,Brazil,10.0,9.5,9.333333333333334
2011,BRA,Brazil,9.0,9.0,9.0
2012,BRA,Brazil,9.0,9.0,9.333333333333334
2013,BRA,Brazil,9.0,9.0,9.666666666666666
2014,BRA,Brazil,9.0,9.0,10.0
2015,BRA,Brazil,9.0,10.0,11.0
2016,BRA,Brazil,12.0,12.0,12.0
2017,BRA,Brazil,12.0,12.0,12.5
2018,BRA,Brazil,13.0,12.0,13.0
2019,BRA,Brazil,13.0,12.0,13.0
2020,BRA,Brazil,13.0,12.0,13.0
2021,BRA,Brazil,12.4471135331835,12.0,12.600058628843156
2022,BRA,Brazil,12.4471135331835,12.0,12.600058628843156
2023,BRA,Brazil,12.600411731075004,12.0,13.0
2024,BRA,Brazil,12.4471135331835,12.0,12.600058628843156
2006,BRB,Barbados,,15.05354162370891,14.32271012455651
2007,BRB,Barbados,,15.05354162370891,14.32271012455651
2008,BRB,Barbados,,15.05354162370891,14.32271012455651
2009,BRB,Barbados,,10.0,10.144831631493007
2010,BRB,Barbados,,10.333333333333334,10.0
2011,BRB,Barbados,,10.666666666666666,10.5
2012,BRB,Barbados,,11.0,11.0
2013,BRB,Barbados,,13.0,13.0
2014,BRB,Barbados,,16.0,15.0
2015,BRB,Barbados,,16.5,15.5
2016,BRB,Barbados,,17.0,16.0
2017,BRB,Barbados,,19.0,17.0
2018,BRB,Barbados,,18.0,16.5
2019,BRB,Barbados,,17.0,16.0
2020,BRB,Barbados,,17.0,16.0
2021,BRB,Barbados,,17.0,16.0
2022,BRB,Barbados,,16.5,15.518530361411097
2023,BRB,Barbados,,16.0,16.0
2024,BRB,Barbados,,15.856665979342502,15.0
2006,BWA,Botswana,,6.231601870456803,7.471259388721521
2007,BWA,Botswana,,6.231601870456803,7.471259388721521
2008,BWA,Botswana,,6.231601870456803,7.471259388721521
2009,BWA,Botswana,,6.0,7.382673770480347
2010,BWA,Botswana,,6.0,7.0
2011,BWA,Botswana,,6.0,7.1
2012,BWA,Botswana,,6.01082431593843,7.2
2013,BWA,Botswana,,6.231601870456803,7.471259388721521
2014,BWA,Botswana,,6.231601870456803,7.471259388721521
2015,BWA,Botswana,,6.0,7.382673770480347
2016,BWA,Botswana,,6.0,7.382673770480347
2017,BWA,Botswana,,6.0,7.382673770480347
2018,BWA,Botswana,,6.0,7.382673770480347
2019,BWA,Botswana,,6.0,7.382673770480347
2020,BWA,Botswana,,6.0,8.0
2021,BWA,Botswana,,7.0,8.0
2022,BWA,Botswana,,7.0,7.7651647152488446
2023,BWA,Botswana,,7.0,7.7651647152488446
2024,BWA,Botswana,,6.231601870456803,7.471259388721521
2006,CAN,Canada,9.3947152181023,8.091707209551746,8.600357392999129
2007,CAN,Canada,9.3947152181023,8.091707209551746,8.600357392999129
2008,CAN,Canada,11.0,8.610223081512629,9.1486283995397
2009,CAN,Canada,10.5,8.448799480866837,8.977896850723528
2010,CAN,Canada,10.0,10.0,10.0
2011,CAN,Canada,9.0,9.5,9.5
2012,CAN,Canada,9.0,9.0,9.0
2013,CAN,Canada,9.0,9.0,8.857142857142858
2014,CAN,Canada,9.0,9.0,8.714285714285714
2015,CAN,Canada,9.0,9.0,8.976943711377233
2016,CAN,Canada,9.0,1.0,5.027117218269401
2017,CAN,Canada,9.0,9.0,8.976943711377233
2018,CAN,Canada,9.0,1.0,5.027117218269401
2019,CAN,Canada,9.0,8.0,8.0
2020,CAN,Canada,9.0,8.0,9.0
2021,CAN,Canada,10.0,9.0,9.0
2022,CAN,Canada,9.399651949253403,9.0,9.0
2023,CAN,Canada,9.403798485676663,10.0,9.0
2024,CAN,Canada,9.406708272809023,10.0,10.0
2006,CHE,Switzerland,1.0,1.0,
2007,CHE,Switzerland,1.0,1.0,
2008,CHE,Switzerland,1.0,1.0,
2009,CHE,Switzerland,1.0,1.0,
2010,CHE,Switzerland,1.0,1.0,
2011,CHE,Switzerland,1.0,1.0,
2012,CHE,Switzerland,1.0,1.0,
2013,CHE,Switzerland,1.0,1.0,
2014,CHE,Switzerland,1.0,1.0,
2015,CHE,Switzerland,1.0,1.0,
2016,CHE,Switzerland,1.0,1.0,
2017,CHE,Switzerland,1.0,1.0,
2018,CHE,Switzerland,1.0,1.0,
2019,CHE,Switzerland,1.0,1.0,
2020,CHE,Switzerland,1.0,1.0,
2021,CHE,Switzerland,1.0,1.0,
2022,CHE,Switzerland,1.0,1.0,
2023,CHE,Switzerland,1.0,1.0,
2024,CHE,Switzerland,1.0,1.0,
2006,CHL,Chile,6.69235519020187,6.0,5.850223214671004
2007,CHL,Chile,6.0,5.666666666666667,5.0
2008,CHL,Chile,6.0,5.333333333333333,4.8
2009,CHL,Chile,5.666666666666667,5.0,4.6
2010,CHL,Chile,5.333333333333333,4.0,4.491389281715701
2011,CHL,Chile,5.0,4.0,4.13908233884858
2012,CHL,Chile,5.0,4.0,4.0
2013,CHL,Chile,5.0,4.0,4.2
2014,CHL,Chile,5.0,4.0,4.4
2015,CHL,Chile,5.0,4.0,4.13908233884858
2016,CHL,Chile,5.0,4.0,4.13908233884858
2017,CHL,Chile,6.0,4.0,5.0
2018,CHL,Chile,6.0,5.0,5.25
2019,CHL,Chile,6.0,5.0,5.5
2020,CHL,Chile,6.0,5.0,5.157230880403167
2021,CHL,Chile,6.67956073048973,5.5,6.0
2022,CHL,Chile,6.797982267018538,6.0,6.0
2023,CHL,Chile,6.797982267018538,6.0,6.0
2024,CHL,Chile,6.797982267018538,6.0,6.0
2006,CHN,China,6.0,7.829565664341423,8.03861752791034
2007,CHN,China,5.0,5.0,4.994312562352926
2008,CHN,China,5.0,4.666666666666667,4.730841430287218
2009,CHN,China,5.0,4.333333333333333,4.467370298221509
2010,CHN,China,4.7803374771525,4.0,4.0
2011,CHN,China,5.0,4.0,4.142857142857143
2012,CHN,China,5.0,4.0,4.285714285714286
2013,CHN,China,5.0,4.0,4.203899166155801
2014,CHN,China,5.0,4.0,4.203899166155801
2015,CHN,China,5.0,4.0,4.203899166155801
2016,CHN,China,5.0,4.0,4.203899166155801
2017,CHN,China,5.0,5.0,5.0
2018,CHN,China,5.0,5.0,4.994312562352926
2019,CHN,China,5.0,5.0,4.994312562352926
2020,CHN,China,5.091530862109792,5.0,5.068249211949722
2021,CHN,China,5.091530862109792,5.0,5.068249211949722
2022,CHN,China,5.091530862109792,5.0,5.068249211949722
2023,CHN,China,5.091530862109792,5.0,5.068249211949722
2024,CHN,China,5.063692273643983,4.712753648018956,4.8187184380261785
2006,COL,Colombia,12.0,10.68599119214392,10.18598053979968
2007,COL,Colombia,11.0,10.105796762788408,10.131001953315694
2008,COL,Colombia,11.0,11.0,9.197185229568358
2009,COL,Colombia,11.0,10.666666666666666,9.545285335110089
2010,COL,Colombia,11.0,10.333333333333334,9.893385440651818
2011,COL,Colombia,10.0,10.0,10.0
2012,COL,Colombia,10.0,10.0,9.5
2013,COL,Colombia,10.0,10.0,9.0
2014,COL,Colombia,9.0,9.0,9.25
2015,COL,Colombia,9.0,9.0,9.5
2016,COL,Colombia,9.0,9.0,9.964034237290504
2017,COL,Colombia,9.0,9.0,10.0
2018,COL,Colombia,9.0,9.0,10.25
2019,COL,Colombia,9.0,9.0,10.5
2020,COL,Colombia,10.0,9.0,10.624910050054622
2021,COL,Colombia,11.0,9.0,11.0
2022,COL,Colombia,10.13995751038107,9.0,11.0
2023,COL,Colombia,10.13995751038107,9.0,11.0
2024,COL,Colombia,10.13995751038107,9.0,11.0
2006,CRI,Costa Rica,12.0,12.048709744664995,13.518292842685687
2007,CRI,Costa Rica,11.8,11.790653594121736,13.399769124766728
2008,CRI,Costa Rica,11.6,11.532597443578474,13.281245406847766
2009,CRI,Costa Rica,12.15039630541022,12.242886710131408,13.60745264197945
2010,CRI,Costa Rica,10.653398628785505,10.0,12.639252389393356
2011,CRI,Costa Rica,11.0,10.0,12.728230949258682
2012,CRI,Costa Rica,11.0,10.0,12.728230949258682
2013,CRI,Costa Rica,11.0,10.0,12.728230949258682
2014,CRI,Costa Rica,11.0,11.0,12.988562906407232
2015,CRI,Costa Rica,11.0,11.0,12.988562906407232
2016,CRI,Costa Rica,11.0,11.0,13.0
2017,CRI,Costa Rica,12.0,12.0,13.5
2018,CRI,Costa Rica,12.0,14.0,14.0
2019,CRI,Costa Rica,14.0,14.5,14.5
2020,CRI,Costa Rica,15.0,15.0,15.0
2021,CRI,Costa Rica,14.333333333333334,15.0,15.0
2022,CRI,Costa Rica,13.666666666666666,14.5,15.0
2023,CRI,Costa Rica,13.0,14.0,14.0
2024,CRI,Costa Rica,12.653734868598354,13.0,13.933769131345954
2006,CYP,Cyprus,9.922304519509566,10.583333333333334,9.715648309650064
2007,CYP,Cyprus,4.0,5.0,5.3749076747506255
2008,CYP,Cyprus,4.75,4.0,4.952177983179345
2009,CYP,Cyprus,5.5,4.666666666666667,5.478871436237016
2010,CYP,Cyprus,5.827448810962392,5.333333333333333,5.922787564784385
2011,CYP,Cyprus,7.0,6.0,8.0
2012,CYP,Cyprus,10.0,11.0,11.0
2013,CYP,Cyprus,15.0,19.0,18.0
2014,CYP,Cyprus,16.0,19.0,15.0
2015,CYP,Cyprus,16.0,14.0,13.0
2016,CYP,Cyprus,14.0,14.0,12.0
2017,CYP,Cyprus,13.0,13.0,11.0
2018,CYP,Cyprus,11.0,12.0,10.0
2019,CYP,Cyprus,10.0,12.0,9.75
2020,CYP,Cyprus,10.0,11.5,9.5
2021,CYP,Cyprus,9.666666666666666,11.0,9.90292491474976
2022,CYP,Cyprus,9.333333333333334,11.0,9.0
2023,CYP,Cyprus,9.0,9.0,9.0
2024,CYP,Cyprus,8.524032540209816,9.0,8.0
2006,CZE,Czechia,4.687500015625078,4.687499989583334,4.0
2007,CZE,Czechia,4.687500015625078,4.687499989583334,4.0
2008,CZE,Czechia,5.0,4.99999996666667,4.0
2009,CZE,Czechia,5.0,4.99999996666667,4.0
2010,CZE,Czechia,5.0,4.99999996666667,4.0
2011,CZE,Czechia,5.0,4.99999996666667,4.0
2012,CZE,Czechia,5.0,4.99999996666667,4.0
2013,CZE,Czechia,5.0,5.0,4.0
2014,CZE,Czechia,5.0,5.0,4.0
2015,CZE,Czechia,5.0,5.0,4.0
2016,CZE,Czechia,5.0,5.0,4.0
2017,CZE,Czechia,5.0,5.0,4.0
2018,CZE,Czechia,5.0,5.0,4.0
2019,CZE,Czechia,4.0,4.0,4.0
2020,CZE,Czechia,4.0,4.0,4.0
2021,CZE,Czechia,4.000000083333752,4.0,4.0
2022,CZE,Czechia,4.000000083333752,4.0,4.0
2023,CZE,Czechia,4.000000083333752,4.0,4.0
2024,CZE,Czechia,4.687500015625078,4.687499989583334,4.0
2006,DEU,Germany,1.0,1.0,
2007,DEU,Germany,1.0,1.0,
2008,DEU,Germany,1.0,1.0,
2009,DEU,Germany,1.0,1.0,
2010,DEU,Germany,1.0,1.0,
2011,DEU,Germany,1.0,1.0,
2012,DEU,Germany,1.0,1.0,
2013,DEU,Germany,1.0,1.0,
2014,DEU,Germany,1.0,1.0,
2015,DEU,Germany,1.0,1.0,
2016,DEU,Germany,1.0,1.0,
2017,DEU,Germany,1.0,1.0,
2018,DEU,Germany,1.0,1.0,
2019,DEU,Germany,1.0,1.0,
2020,DEU,Germany,1.0,1.0,
2021,DEU,Germany,1.0,1.0,
2022,DEU,Germany,1.0,1.0,
2023,DEU,Germany,1.0,1.0,
2024,DEU,Germany,1.0,1.0,
2006,DNK,Denmark,1.0,1.0,
2007,DNK,Denmark,1.0,1.0,
2008,DNK,Denmark,1.0,1.0,
2009,DNK,Denmark,1.0,1.0,
2010,DNK,Denmark,1.0,1.0,
2011,DNK,Denmark,1.0,1.0,
2012,DNK,Denmark,1.0,1.0,
2013,DNK,Denmark,1.0,1.0,
2014,DNK,Denmark,1.0,1.0,
2015,DNK,Denmark,1.0,1.0,
2016,DNK,Denmark,1.0,1.0,
2017,DNK,Denmark,1.0,1.0,
2018,DNK,Denmark,1.0,1.0,
2019,DNK,Denmark,1.0,1.0,
2020,DNK,Denmark,1.0,1.0,
2021,DNK,Denmark,1.0,1.0,
2022,DNK,Denmark,1.0,1.0,
2023,DNK,Denmark,1.0,1.0,
2024,DNK,Denmark,1.0,1.0,
2006,DOM,Dominican Republic,15.0,14.16456675103223,13.736539805138817
2007,DOM,Dominican Republic,15.0,15.0,13.020907427543056
2008,DOM,Dominican Republic,15.0,14.666666666666666,13.306440863230454
2009,DOM,Dominican Republic,15.0,14.333333333333334,13.591974298917853
2010,DOM,Dominican Republic,15.0,14.0,13.877507734605253
2011,DOM,Dominican Republic,15.0,14.0,14.0
2012,DOM,Dominican Republic,15.0,14.0,13.75
2013,DOM,Dominican Republic,15.0,14.437892320667515,13.5
2014,DOM,Dominican Republic,15.0,14.0,13.877507734605253
2015,DOM,Dominican Republic,14.0,14.0,13.0
2016,DOM,Dominican Republic,14.0,14.0,13.0
2017,DOM,Dominican Republic,13.0,13.0,13.0
2018,DOM,Dominican Republic,13.0,13.0,12.976629191297407
2019,DOM,Dominican Republic,13.0,13.0,12.976629191297407
2020,DOM,Dominican Republic,13.0,13.0,12.976629191297407
2021,DOM,Dominican Republic,13.028166998537856,13.0,13.0
2022,DOM,Dominican Republic,11.90798099549618,13.0,12.0
2023,DOM,Dominican Republic,13.140726575822358,13.0,13.100291181643804
2024,DOM,Dominican Republic,14.059826364992036,13.755692170649985,13.260614256643166
2006,ECU,Ecuador,16.42395444383356,17.253869867729406,16.736474662441516
2007,ECU,Ecuador,18.0,18.0,18.72795956484038
2008,ECU,Ecuador,18.0,16.0,19.536221965444
2009,ECU,Ecuador,18.0,19.0,18.32382836453857
2010,ECU,Ecuador,16.0,18.5,16.0
2011,ECU,Ecuador,16.0,18.0,15.5
2012,ECU,Ecuador,16.0,17.0,15.0
2013,ECU,Ecuador,15.0,16.5,14.5
2014,ECU,Ecuador,15.0,16.0,14.0
2015,ECU,Ecuador,15.0,16.0,15.0
2016,ECU,Ecuador,15.0,16.0,15.5
2017,ECU,Ecuador,15.0,16.0,16.0
2018,ECU,Ecuador,16.0,16.0,17.0
2019,ECU,Ecuador,16.0,16.5,18.0
2020,ECU,Ecuador,18.0,17.0,19.0
2021,ECU,Ecuador,17.845383938126137,19.0,18.25
2022,ECU,Ecuador,17.435691075595663,19.0,17.5
2023,ECU,Ecuador,17.391189706519754,19.0,17.418534029124192
2024,ECU,Ecuador,15.958915268762388,17.0696576191292,16.0
2006,EGY,Egypt,13.705497469463188,14.794375401858348,14.69748971083786
2007,EGY,Egypt,11.0,12.32468930836258,12.611376272442325
2008,EGY,Egypt,11.0,12.32468930836258,12.611376272442325
2009,EGY,Egypt,11.0,12.32468930836258,12.611376272442325
2010,EGY,Egypt,11.0,12.32468930836258,12.611376272442325
2011,EGY,Egypt,11.0,12.0,12.0
2012,EGY,Egypt,13.0,15.0,15.0
2013,EGY,Egypt,15.0,16.0,17.0
2014,EGY,Egypt,16.0,17.0,16.6
2015,EGY,Egypt,15.0,16.0,16.2
2016,EGY,Egypt,15.0,16.0,15.708881018129718
2017,EGY,Egypt,15.0,16.0,15.708881018129718
2018,EGY,Egypt,15.0,16.0,15.0
2019,EGY,Egypt,14.0,15.0,15.0
2020,EGY,Egypt,14.25,15.0,15.0
2021,EGY,Egypt,14.5,15.0,15.022720175477204
2022,EGY,Egypt,13.921925215826,15.0,14.86882749357557
2023,EGY,Egypt,15.0,16.0,15.0
2024,EGY,Egypt,16.027029234511417,17.0,16.0
2006,ESP,Spain,6.72493961230994,7.566666666666667,6.464086319230376
2007,ESP,Spain,6.72493961230994,7.566666666666667,6.464086319230376
2008,ESP,Spain,6.72493961230994,7.566666666666667,6.464086319230376
2009,ESP,Spain,6.72493961230994,7.566666666666667,6.464086319230376
2010,ESP,Spain,2.0,2.0,3.0
2011,ESP,Spain,2.0,3.0,4.0
2012,ESP,Spain,6.0,7.0,6.0
2013,ESP,Spain,9.0,10.0,7.5
2014,ESP,Spain,9.0,9.0,9.0
2015,ESP,Spain,8.0,9.0,8.0
2016,ESP,Spain,8.0,9.0,7.666666666666667
2017,ESP,Spain,8.0,8.5,7.333333333333333
2018,ESP,Spain,7.0,8.0,7.0
2019,ESP,Spain,7.0,8.0,6.0
2020,ESP,Spain,6.870595748422305,8.0,6.0
2021,ESP,Spain,6.870595748422305,8.0,6.0
2022,ESP,Spain,6.870595748422305,8.0,6.0
2023,ESP,Spain,7.13115346969108,8.0,6.730647394227821
2024,ESP,Spain,7.13115346969108,8.0,6.730647394227821
2006,EST,Estonia,6.0,5.0,4.840291936686854
2007,EST,Estonia,6.0,5.0,4.840291936686854
2008,EST,Estonia,6.0,5.0,4.840291936686854
2009,EST,Estonia,8.0,5.0,6.520537233835482
2010,EST,Estonia,8.0,5.0,6.520537233835482
2011,EST,Estonia,5.0,5.0,4.0
2012,EST,Estonia,5.0,5.0,4.0
2013,EST,Estonia,5.0,5.0,4.0
2014,EST,Estonia,5.0,5.0,4.00016928811254
2015,EST,Estonia,5.0,5.0,4.00016928811254
2016,EST,Estonia,5.0,5.0,4.00016928811254
2017,EST,Estonia,5.0,5.0,4.00016928811254
2018,EST,Estonia,5.0,5.0,4.00016928811254
2019,EST,Estonia,4.0,5.0,3.1600466395382263
2020,EST,Estonia,4.0,5.0,3.1600466395382263
2021,EST,Estonia,5.488013587055056,5.0,4.410160555409485
2022,EST,Estonia,4.99929564067311,5.0,4.0
2023,EST,Estonia,5.59474818899698,5.0,4.5
2024,EST,Estonia,6.1902007373208505,5.0,5.0
2006,FIN,Finland,1.642857130158729,1.6428572063492022,2.0
2007,FIN,Finland,1.642857130158729,1.6428572063492022,2.0
2008,FIN,Finland,1.642857130158729,1.6428572063492022,2.0
2009,FIN,Finland,1.642857130158729,1.6428572063492022,2.0
2010,FIN,Finland,1.642857130158729,1.6428572063492022,2.0
2011,FIN,Finland,1.0,1.0000002222222069,2.0
2012,FIN,Finland,1.0,1.0000002222222069,2.0
2013,FIN,Finland,1.0,1.0000002222222069,2.0
2014,FIN,Finland,1.0,1.0000002222222069,2.0
2015,FIN,Finland,1.0,1.0,2.0
2016,FIN,Finland,2.0,2.0,2.0
2017,FIN,Finland,2.0,2.0,2.0
2018,FIN,Finland,2.0,2.0,2.0
2019,FIN,Finland,2.0,2.0,2.0
2020,FIN,Finland,2.0,2.0,2.0
2021,FIN,Finland,1.9999999555555503,2.0,2.0
2022,FIN,Finland,1.9999999555555503,2.0,2.0
2023,FIN,Finland,1.9999999555555503,2.0,2.0
2024,FIN,Finland,1.9999999555555503,2.0,2.0
2006,FJI,Fiji,,13.765888092811975,14.064879121190293
2007,FJI,Fiji,,13.765888092811975,14.064879121190293
2008,FJI,Fiji,,13.765888092811975,14.064879121190293
2009,FJI,Fiji,,14.0,14.278880899914224
2010,FJI,Fiji,,14.0,14.278880899914224
2011,FJI,Fiji,,14.0,15.0
2012,FJI,Fiji,,14.254209484991648,14.75
2013,FJI,Fiji,,14.0,14.5
2014,FJI,Fiji,,14.0,14.278880899914224
2015,FJI,Fiji,,14.0,14.0
2016,FJI,Fiji,,14.0,13.75
2017,FJI,Fiji,,13.0,13.5
2018,FJI,Fiji,,13.0,13.364780539559389
2019,FJI,Fiji,,13.0,13.0
2020,FJI,Fiji,,13.0,13.5
2021,FJI,Fiji,,14.0,14.0
2022,FJI,Fiji,,14.0,14.278880899914224
2023,FJI,Fiji,,14.0,14.278880899914224
2024,FJI,Fiji,,14.0,14.278880899914224
2006,FRA,France,2.697004111796834,2.716201668901254,3.0952810653890253
2007,FRA,France,2.697004111796834,2.716201668901254,3.0952810653890253
2008,FRA,France,2.697004111796834,2.716201668901254,3.0952810653890253
2009,FRA,France,2.697004111796834,2.716201668901254,3.0952810653890253
2010,FRA,France,2.697004111796834,2.716201668901254,3.0952810653890253
2011,FRA,France,1.0,2.026823364617556,2.6140640057881552
2012,FRA,France,1.0,2.0,2.0
2013,FRA,France,1.0,2.0,3.0
2014,FRA,France,2.0,2.0,3.0
2015,FRA,France,3.0,3.0,3.0
2016,FRA,France,3.0,3.0,3.188596524504338
2017,FRA,France,3.0,3.0,3.188596524504338
2018,FRA,France,3.0,3.0,3.188596524504338
2019,FRA,France,3.0,3.0,3.188596524504338
2020,FRA,France,3.0,3.0,3.188596524504338
2021,FRA,France,3.333333333333333,3.0,3.2768882871365053
2022,FRA,France,3.6666666666666665,3.0,3.0
2023,FRA,France,4.0,3.0,3.5
2024,FRA,France,3.758057565155668,3.0,4.0
2006,GAB,Gabon,,,
2007,GAB,Gabon,,,13.0
2008,GAB,Gabon,,,13.0
2009,GAB,Gabon,,,13.0
2010,GAB,Gabon,,,13.0
2011,GAB,Gabon,,,13.0
2012,GAB,Gabon,,,13.0
2013,GAB,Gabon,,,13.0
2014,GAB,Gabon,,,13.0
2015,GAB,Gabon,,,14.0
2016,GAB,Gabon,,,14.0
2017,GAB,Gabon,,,14.0
2018,GAB,Gabon,,,15.0
2019,GAB,Gabon,,,15.0
2020,GAB,Gabon,,,18.0
2021,GAB,Gabon,,,16.0
2022,GAB,Gabon,,,
2023,GAB,Gabon,,,
2024,GAB,Gabon,,,
2006,GBR,United Kingdom,2.643325791449727,2.763233553552055,3.0
2007,GBR,United Kingdom,2.643325791449727,2.763233553552055,3.0
2008,GBR,United Kingdom,2.643325791449727,2.763233553552055,3.0
2009,GBR,United Kingdom,2.643325791449727,2.763233553552055,3.0
2010,GBR,United Kingdom,2.643325791449727,2.763233553552055,3.0
2011,GBR,United Kingdom,1.0,1.46101809808835,3.0
2012,GBR,United Kingdom,1.0,1.46101809808835,3.0
2013,GBR,United Kingdom,1.0,2.0,3.0
2014,GBR,United Kingdom,2.0,2.0,3.0
2015,GBR,United Kingdom,2.0,2.0,3.0
2016,GBR,United Kingdom,2.0,2.0,3.0
2017,GBR,United Kingdom,3.0,3.0,3.0
2018,GBR,United Kingdom,3.0,3.0,3.0
2019,GBR,United Kingdom,3.0,3.0,3.0
2020,GBR,United Kingdom,4.0,4.0,3.0
2021,GBR,United Kingdom,4.121078429615476,4.0,3.0
2022,GBR,United Kingdom,4.121078429615476,4.0,3.0
2023,GBR,United Kingdom,4.121078429615476,4.0,3.0
2024,GBR,United Kingdom,2.643325791449727,2.763233553552055,3.0
2006,GEO,Georgia,12.96204762552635,12.515008762569863,12.693946806350334
2007,GEO,Georgia,13.0,12.535427322672696,12.722846773032858
2008,GEO,Georgia,14.0,13.092490215791146,13.490948097057952
2009,GEO,Georgia,14.0,13.092490215791146,13.490948097057952
2010,GEO,Georgia,14.0,13.0,14.0
2011,GEO,Georgia,14.0,13.0,13.0
2012,GEO,Georgia,13.0,13.0,12.875
2013,GEO,Georgia,13.0,12.549749972002662,12.75
2014,GEO,Georgia,13.0,13.0,12.884257421898688
2015,GEO,Georgia,13.0,13.0,12.884257421898688
2016,GEO,Georgia,13.0,13.0,12.884257421898688
2017,GEO,Georgia,13.0,12.0,12.53681845972289
2018,GEO,Georgia,13.0,12.0,12.53681845972289
2019,GEO,Georgia,12.0,12.0,12.0
2020,GEO,Georgia,12.0,12.0,12.0
2021,GEO,Georgia,12.214289668647712,12.0,12.0
2022,GEO,Georgia,12.214289668647712,12.0,12.0
2023,GEO,Georgia,12.444138961089475,12.0,12.217445181007731
2024,GEO,Georgia,12.444138961089475,12.0,12.217445181007731
2006,GHA,Ghana,,,14.0
2007,GHA,Ghana,,,14.0
2008,GHA,Ghana,,,14.0
2009,GHA,Ghana,,,14.0
2010,GHA,Ghana,,,14.0
2011,GHA,Ghana,,,14.0
2012,GHA,Ghana,,,14.0
2013,GHA,Ghana,,,14.0
2014,GHA,Ghana,,,15.0
2015,GHA,Ghana,,,15.0
2016,GHA,Ghana,,,15.0
2017,GHA,Ghana,,,15.0
2018,GHA,Ghana,,,15.0
2019,GHA,Ghana,,,15.0
2020,GHA,Ghana,,,15.0
2021,GHA,Ghana,,,15.5
2022,GHA,Ghana,,,16.0
2023,GHA,Ghana,,,22.0
2024,GHA,Ghana,,,
2006,GRC,Greece,12.89777730492868,13.658049204489632,12.129052709401984
2007,GRC,Greece,6.0,6.922442840406704,6.138385777326654
2008,GRC,Greece,6.0,6.922442840406704,6.138385777326654
2009,GRC,Greece,6.0,6.0,3.865780574572713
2010,GRC,Greece,10.0,7.0,0.1803966400095604
2011,GRC,Greece,11.0,14.0,20.0
2012,GRC,Greece,21.0,21.0,18.33333333333333
2013,GRC,Greece,18.0,19.0,16.666666666666668
2014,GRC,Greece,16.0,17.0,15.0
2015,GRC,Greece,18.0,18.0,16.0
2016,GRC,Greece,18.0,19.0,16.0
2017,GRC,Greece,18.0,18.0,15.5
2018,GRC,Greece,15.0,16.0,15.0
2019,GRC,Greece,13.0,14.0,13.0
2020,GRC,Greece,12.0,13.0,12.5
2021,GRC,Greece,11.666666666666666,13.0,12.0
2022,GRC,Greece,11.333333333333334,13.0,11.0
2023,GRC,Greece,11.0,13.0,11.0
2024,GRC,Greece,10.159991488716347,11.0,10.0
2006,GTM,Guatemala,11.0,11.0,12.0
2007,GTM,Guatemala,11.0,11.0,12.090909090909092
2008,GTM,Guatemala,11.0,11.0,12.181818181818182
2009,GTM,Guatemala,11.709687138558312,11.0,12.545176449504714
2010,GTM,Guatemala,11.709687138558312,11.0,12.545176449504714
2011,GTM,Guatemala,11.0,11.0,12.090408271112707
2012,GTM,Guatemala,11.0,11.0,12.090408271112707
2013,GTM,Guatemala,11.0,11.0,12.090408271112707
2014,GTM,Guatemala,12.0,11.0,12.731209201105385
2015,GTM,Guatemala,12.0,11.0,12.731209201105385
2016,GTM,Guatemala,12.0,11.0,12.731209201105385
2017,GTM,Guatemala,12.0,11.0,13.0
2018,GTM,Guatemala,12.0,11.0,13.0
2019,GTM,Guatemala,12.0,11.0,13.0
2020,GTM,Guatemala,13.0,11.0,13.372010131098056
2021,GTM,Guatemala,12.666666666666666,11.0,13.158409821100497
2022,GTM,Guatemala,12.333333333333334,11.0,13.0
2023,GTM,Guatemala,12.0,11.0,12.0
2024,GTM,Guatemala,11.06468135549126,11.0,12.0
2006,HKG,Hong Kong,4.0,4.0,2.8201033355240126
2007,HKG,Hong Kong,3.0,3.0,1.9841259193062093
2008,HKG,Hong Kong,2.6666666666666665,2.6666666666666665,1.7054667805669417
2009,HKG,Hong Kong,2.333333333333333,2.333333333333333,1.4268076418276745
2010,HKG,Hong Kong,2.0,2.0,1.0
2011,HKG,Hong Kong,2.0,2.0,1.1428571428571428
2012,HKG,Hong Kong,2.0,2.0,1.2857142857142856
2013,HKG,Hong Kong,2.0,2.0,1.1481485030884064
2014,HKG,Hong Kong,2.0,2.0,1.1481485030884064
2015,HKG,Hong Kong,2.0,2.0,1.1481485030884064
2016,HKG,Hong Kong,2.0,2.0,1.1481485030884064
2017,HKG,Hong Kong,2.0,3.0,2.0
2018,HKG,Hong Kong,2.0,3.0,1.9841259193062093
2019,HKG,Hong Kong,2.0,3.0,1.9841259193062093
2020,HKG,Hong Kong,4.0,4.0,2.8201033355240126
2021,HKG,Hong Kong,3.522195860508143,4.0,2.8201033355240126
2022,HKG,Hong Kong,3.522195860508143,4.0,2.8201033355240126
2023,HKG,Hong Kong,3.522195860508143,4.0,2.8201033355240126
2024,HKG,Hong Kong,2.587032643418023,2.8333333333333326,1.844796349936575
2006,HND,Honduras,,14.743457301872647,13.698661902909269
2007,HND,Honduras,,14.743457301872647,13.698661902909269
2008,HND,Honduras,,14.743457301872647,13.698661902909269
2009,HND,Honduras,,15.874172820706006,15.0
2010,HND,Honduras,,15.584543881242032,14.666666666666666
2011,HND,Honduras,,15.294914941778062,14.333333333333334
2012,HND,Honduras,,15.005286002314088,14.0
2013,HND,Honduras,,15.0,15.0
2014,HND,Honduras,,16.0,14.5
2015,HND,Honduras,,16.0,14.0
2016,HND,Honduras,,15.0,13.5
2017,HND,Honduras,,14.0,13.0
2018,HND,Honduras,,14.0,13.0
2019,HND,Honduras,,14.0,13.0
2020,HND,Honduras,,14.0,13.089295223274146
2021,HND,Honduras,,14.0,13.089295223274146
2022,HND,Honduras,,14.0,13.0
2023,HND,Honduras,,14.0,13.0
2024,HND,Honduras,,14.13639918392217,13.0
2006,HRV,Croatia,9.95205247656006,10.642687845218292,10.151636086588445
2007,HRV,Croatia,9.95205247656006,10.642687845218292,10.151636086588445
2008,HRV,Croatia,9.95205247656006,10.642687845218292,10.151636086588445
2009,HRV,Croatia,10.0,10.680010457866288,10.194542350973553
2010,HRV,Croatia,10.0,10.666643515168944,10.0
2011,HRV,Croatia,10.0,10.700998355208789,10.5
2012,HRV,Croatia,10.0,10.735353195248631,11.0
2013,HRV,Croatia,10.0,11.0,11.5
2014,HRV,Croatia,11.0,11.0,12.0
2015,HRV,Croatia,12.0,11.5,11.75
2016,HRV,Croatia,12.0,12.0,11.5
2017,HRV,Croatia,12.0,12.0,11.98163503444155
2018,HRV,Croatia,11.0,12.0,11.0
2019,HRV,Croatia,10.0,12.0,10.0
2020,HRV,Croatia,10.0,11.0,9.333333333333334
2021,HRV,Croatia,9.0,10.0,8.666666666666666
2022,HRV,Croatia,8.0,9.0,8.0
2023,HRV,Croatia,7.935953260936531,9.0,8.0
2024,HRV,Croatia,6.296886364024395,7.0,7.0
2006,HUN,Hungary,8.0,6.0,8.085640959118965
2007,HUN,Hungary,8.0,6.5,8.079233844874924
2008,HUN,Hungary,8.0,7.0,8.072826730630883
2009,HUN,Hungary,9.0,8.0,10.0
2010,HUN,Hungary,10.0,10.0,10.5
2011,HUN,Hungary,10.0,11.0,11.0
2012,HUN,Hungary,11.0,11.0,12.0
2013,HUN,Hungary,11.0,11.0,11.666666666666666
2014,HUN,Hungary,11.0,11.0,11.333333333333334
2015,HUN,Hungary,11.0,11.0,11.0
2016,HUN,Hungary,10.0,10.0,10.0
2017,HUN,Hungary,10.0,10.0,9.666666666666666
2018,HUN,Hungary,10.0,10.0,9.333333333333334
2019,HUN,Hungary,9.0,10.0,9.0
2020,HUN,Hungary,9.0,10.0,9.0
2021,HUN,Hungary,9.098965970487692,9.0,9.0
2022,HUN,Hungary,9.098965970487692,9.0,9.0
2023,HUN,Hungary,9.56543108192334,9.0,10.0
2024,HUN,Hungary,9.363331427935988,9.0,9.566742187073013
2006,IDN,Indonesia,13.0,14.0,13.999746380936246
2007,IDN,Indonesia,13.0,13.0,13.456344740920304
2008,IDN,Indonesia,12.0,12.5,12.659749319480271
2009,IDN,Indonesia,11.5,12.0,12.12560119875627
2010,IDN,Indonesia,11.0,11.5,11.591453078032268
2011,IDN,Indonesia,11.0,11.0,11.0
2012,IDN,Indonesia,10.0,10.0,10.833333333333334
2013,IDN,Indonesia,10.0,10.0,10.666666666666666
2014,IDN,Indonesia,10.0,10.0,10.251456016576292
2015,IDN,Indonesia,10.0,10.089066569944649,10.29985493675481
2016,IDN,Indonesia,10.0,10.0,10.251456016576292
2017,IDN,Indonesia,10.0,10.0,10.0
2018,IDN,Indonesia,9.0,9.0,9.5
2019,IDN,Indonesia,9.0,9.0,9.0
2020,IDN,Indonesia,9.0,9.0,9.0
2021,IDN,Indonesia,9.009602705550677,9.0,9.0
2022,IDN,Indonesia,9.009602705550677,9.0,9.0
2023,IDN,Indonesia,9.079161355791136,9.0,9.2247111434251
2024,IDN,Indonesia,9.079161355791136,9.0,9.2247111434251
2006,IND,India,10.0,9.666666666666666,10.0
2007,IND,India,10.0,9.666666666666666,10.0
2008,IND,India,10.0,9.666666666666666,10.0
2009,IND,India,10.0,9.666666666666666,10.0
2010,IND,India,10.0,9.666666666666666,10.0
2011,IND,India,10.0,9.666666666666666,10.0
2012,IND,India,10.0,9.666666666666666,10.0
2013,IND,India,10.0,9.666666666666666,10.0
2014,IND,India,10.0,9.666666666666666,10.0
2015,IND,India,10.0,10.0,10.0
2016,IND,India,10.0,10.0,10.0
2017,IND,India,10.0,9.0,10.0
2018,IND,India,10.0,9.0,10.0
2019,IND,India,10.0,9.0,10.0
2020,IND,India,10.0,10.0,10.0
2021,IND,India,10.0,10.0,10.0
2022,IND,India,10.0,10.0,10.0
2023,IND,India,10.0,10.0,10.0
2024,IND,India,10.0,9.666666666666666,10.0
2006,IRL,Ireland,4.0,5.145435625134603,4.528940581649026
2007,IRL,Ireland,5.0,5.688526313113233,5.121783837592021
2008,IRL,Ireland,5.0,2.0,10.0
2009,IRL,Ireland,10.0,10.0,9.333333333333334
2010,IRL,Ireland,11.0,3.0,8.666666666666666
2011,IRL,Ireland,11.0,10.0,8.0
2012,IRL,Ireland,10.0,10.0,7.666666666666667
2013,IRL,Ireland,9.0,10.0,7.333333333333333
2014,IRL,Ireland,9.0,10.0,7.0
2015,IRL,Ireland,9.0,9.0,9.0
2016,IRL,Ireland,8.0,9.0,8.0
2017,IRL,Ireland,8.0,6.0,7.0
2018,IRL,Ireland,6.0,7.0,5.5
2019,IRL,Ireland,6.0,6.0,4.0
2020,IRL,Ireland,6.0,6.0,4.0
2021,IRL,Ireland,5.0,6.0,4.0
2022,IRL,Ireland,4.0,5.0,4.0
2023,IRL,Ireland,6.577713463192684,6.0,6.0
2024,IRL,Ireland,4.316376932642011,5.0,3.0
2006,ISL,Iceland,4.0,4.4296199666774925,6.204467051128245
2007,ISL,Iceland,5.0,5.74312058859515,6.2054486181889805
2008,ISL,Iceland,5.0,2.0,10.0
2009,ISL,Iceland,1.0,2.0,9.333333333333334
2010,ISL,Iceland,5.0,3.0,8.666666666666666
2011,ISL,Iceland,8.0,10.0,8.0
2012,ISL,Iceland,8.0,10.5,7.666666666666667
2013,ISL,Iceland,8.0,11.0,7.333333333333333
2014,ISL,Iceland,8.0,10.0,7.0
2015,ISL,Iceland,7.0,8.0,5.0
2016,ISL,Iceland,6.0,7.0,8.0
2017,ISL,Iceland,6.0,6.0,7.0
2018,ISL,Iceland,5.0,7.0,5.5
2019,ISL,Iceland,5.0,6.0,4.0
2020,ISL,Iceland,5.0,6.0,4.0
2021,ISL,Iceland,4.5,6.0,4.0
2022,ISL,Iceland,4.0,5.0,4.0
2023,ISL,Iceland,3.505234521919516,4.0,3.0
2024,ISL,Iceland,3.505234521919516,4.0,3.0
2006,ISR,Israel,7.0,4.796659579671142,5.1228800659619935
2007,ISR,Israel,6.5,4.903375807658426,4.923485448751537
2008,ISR,Israel,6.0,5.0,4.709418088475658
2009,ISR,Israel,6.0,5.0,4.709418088475658
2010,ISR,Israel,6.0,5.0,4.709418088475658
2011,ISR,Israel,6.0,5.201401379829054,5.0
2012,ISR,Israel,6.0,5.103114140092362,4.857142857142857
2013,ISR,Israel,6.0,5.0,4.714285714285714
2014,ISR,Israel,6.0,5.0,4.709418088475658
2015,ISR,Israel,6.0,5.0,4.709418088475658
2016,ISR,Israel,6.0,5.0,4.709418088475658
2017,ISR,Israel,5.0,5.0,4.000320835110296
2018,ISR,Israel,5.0,5.0,4.0
2019,ISR,Israel,5.0,5.0,4.0
2020,ISR,Israel,5.0,5.0,4.0
2021,ISR,Israel,5.859361354881866,5.0,4.609691611505363
2022,ISR,Israel,5.859361354881866,5.0,4.609691611505363
2023,ISR,Israel,4.999775248545458,5.0,4.0
2024,ISR,Israel,4.358484498072665,6.0,5.0
2006,ITA,Italy,3.0,4.200692664252163,5.6259452126237495
2007,ITA,Italy,3.4,4.561599609821242,5.8770262433960445
2008,ITA,Italy,3.8,4.922506555390321,6.1281072741683404
2009,ITA,Italy,7.362515715297218,8.136549926841484,8.364179211362014
2010,ITA,Italy,7.362515715297218,8.136549926841484,8.364179211362014
2011,ITA,Italy,5.0,6.0,6.0
2012,ITA,Italy,7.0,7.0,8.0
2013,ITA,Italy,8.0,9.0,9.0
2014,ITA,Italy,8.0,9.0,10.0
2015,ITA,Italy,8.0,9.0,9.666666666666666
2016,ITA,Italy,8.0,9.0,9.333333333333334
2017,ITA,Italy,9.0,9.0,9.0
2018,ITA,Italy,9.0,9.0,9.0
2019,ITA,Italy,9.0,9.5,9.0
2020,ITA,Italy,9.0,10.0,9.55813215432688
2021,ITA,Italy,9.0,10.0,9.0
2022,ITA,Italy,9.268137460758297,10.0,9.0
2023,ITA,Italy,9.332113983997186,10.0,9.637656497277211
2024,ITA,Italy,7.362515715297218,8.136549926841484,8.364179211362014
2006,JAM,Jamaica,14.0,15.396010386081066,14.025927693302018
2007,JAM,Jamaica,14.5,15.683694803640954,14.321947177601167
2008,JAM,Jamaica,15.0,15.97137922120084,14.617966661900317
2009,JAM,Jamaica,18.0,15.0,15.91949314893768
2010,JAM,Jamaica,18.0,16.0,16.0
2011,JAM,Jamaica,16.0,17.0,15.8
2012,JAM,Jamaica,16.0,18.0,15.6
2013,JAM,Jamaica,18.0,19.0,16.62324540843561
2014,JAM,Jamaica,16.0,19.0,15.64162603011913
2015,JAM,Jamaica,16.0,18.0,15.0
2016,JAM,Jamaica,15.0,16.0,14.75
2017,JAM,Jamaica,15.0,16.0,14.5
2018,JAM,Jamaica,15.0,16.0,14.62300214633744
2019,JAM,Jamaica,14.0,15.0,14.0
2020,JAM,Jamaica,14.0,15.0,14.0
2021,JAM,Jamaica,14.117072368610296,15.0,14.0
2022,JAM,Jamaica,13.323502997736547,14.5,13.5
2023,JAM,Jamaica,12.5299336268628,14.0,13.0
2024,JAM,Jamaica,12.489859201353266,14.15370782435228,13.0
2006,JOR,Jordan,13.0,13.875,13.479873261119842
2007,JOR,Jordan,13.0,13.875,13.479873261119842
2008,JOR,Jordan,13.0,13.875,13.479873261119842
2009,JOR,Jordan,13.0,13.875,13.479873261119842
2010,JOR,Jordan,13.0,13.875,13.479873261119842
2011,JOR,Jordan,13.0,13.875,13.479873261119842
2012,JOR,Jordan,13.0,13.875,13.479873261119842
2013,JOR,Jordan,13.0,14.0,13.0
2014,JOR,Jordan,13.0,14.0,13.25
2015,JOR,Jordan,13.0,14.0,13.5
2016,JOR,Jordan,13.0,14.0,13.517557517530154
2017,JOR,Jordan,13.0,14.0,14.0
2018,JOR,Jordan,13.0,14.0,13.857142857142858
2019,JOR,Jordan,13.0,14.0,13.714285714285714
2020,JOR,Jordan,13.0,14.0,13.517557517530154
2021,JOR,Jordan,13.0,14.0,13.517557517530154
2022,JOR,Jordan,13.0,14.0,13.517557517530154
2023,JOR,Jordan,13.0,13.5,13.366820491888904
2024,JOR,Jordan,13.0,13.0,13.0
2006,JPN,Japan,4.701186637716038,4.633333333333337,4.5596206994546
2007,JPN,Japan,4.701186637716038,4.633333333333337,4.5596206994546
2008,JPN,Japan,4.701186637716038,4.633333333333337,4.5596206994546
2009,JPN,Japan,-0.187184312666897,3.0,3.185308940705817
2010,JPN,Japan,1.3092557741850204,3.5,3.606016621955444
2011,JPN,Japan,3.0,4.0,4.0
2012,JPN,Japan,3.0,4.333333333333333,4.25
2013,JPN,Japan,5.0,4.666666666666667,4.5
2014,JPN,Japan,5.0,5.0,4.716009607958997
2015,JPN,Japan,6.0,5.0,5.0
2016,JPN,Japan,6.0,5.0,4.906511264817144
2017,JPN,Japan,6.0,5.0,4.906511264817144
2018,JPN,Japan,6.0,5.0,4.906511264817144
2019,JPN,Japan,6.0,5.0,4.906511264817144
2020,JPN,Japan,6.0,5.0,4.906511264817144
2021,JPN,Japan,5.798576034740769,5.0,4.868139665704323
2022,JPN,Japan,5.798576034740769,5.0,4.868139665704323
2023,JPN,Japan,5.798576034740769,5.0,4.868139665704323
2024,JPN,Japan,4.701186637716038,4.633333333333337,4.5596206994546
2006,KAZ,Kazakhstan,9.0,9.0,9.39879532332312
2007,KAZ,Kazakhstan,9.0,9.0,9.39879532332312
2008,KAZ,Kazakhstan,10.0,9.0,10.051019895529109
2009,KAZ,Kazakhstan,10.0,8.838214917583842,9.921970167082687
2010,KAZ,Kazakhstan,10.0,7.862012915143524,9.0
2011,KAZ,Kazakhstan,9.0,7.501988916406818,8.0
2012,KAZ,Kazakhstan,8.0,8.482893356499135,8.25
2013,KAZ,Kazakhstan,8.0,9.0,8.5
2014,KAZ,Kazakhstan,8.0,9.0,8.746570751117131
2015,KAZ,Kazakhstan,8.0,9.0,9.0
2016,KAZ,Kazakhstan,9.0,9.0,10.0
2017,KAZ,Kazakhstan,9.0,10.0,10.0
2018,KAZ,Kazakhstan,9.0,10.0,10.0
2019,KAZ,Kazakhstan,9.0,10.0,10.19645680433944
2020,KAZ,Kazakhstan,9.0,9.5,9.79762606383128
2021,KAZ,Kazakhstan,8.952741343746762,9.0,9.367972066465322
2022,KAZ,Kazakhstan,9.756091724597582,9.0,10.0
2023,KAZ,Kazakhstan,9.756091724597582,9.0,10.0
2024,KAZ,Kazakhstan,9.012240787465007,8.0,8.609117584674628
2006,KEN,Kenya,,,
2007,KEN,Kenya,,,14.0
2008,KEN,Kenya,,,14.0
2009,KEN,Kenya,,,14.0
2010,KEN,Kenya,,,14.0
2011,KEN,Kenya,,,14.0
2012,KEN,Kenya,,,14.0
2013,KEN,Kenya,,,14.0
2014,KEN,Kenya,,,14.0
2015,KEN,Kenya,,,14.0
2016,KEN,Kenya,,,14.0
2017,KEN,Kenya,,,14.0
2018,KEN,Kenya,,,14.0
2019,KEN,Kenya,,,14.0
2020,KEN,Kenya,,,14.333333333333334
2021,KEN,Kenya,,,14.666666666666666
2022,KEN,Kenya,,,15.0
2023,KEN,Kenya,,,
2024,KEN,Kenya,,,
2006,KHM,Cambodia,,15.0,14.4375
2007,KHM,Cambodia,,15.0,14.0
2008,KHM,Cambodia,,15.0,14.25
2009,KHM,Cambodia,,15.0,14.5
2010,KHM,Cambodia,,15.0,14.4375
2011,KHM,Cambodia,,15.0,15.0
2012,KHM,Cambodia,,15.0,14.4375
2013,KHM,Cambodia,,15.0,14.4375
2014,KHM,Cambodia,,15.0,14.4375
2015,KHM,Cambodia,,15.0,14.4375
2016,KHM,Cambodia,,15.0,14.4375
2017,KHM,Cambodia,,15.0,14.4375
2018,KHM,Cambodia,,15.0,14.4375
2019,KHM,Cambodia,,15.0,14.4375
2020,KHM,Cambodia,,15.0,14.4375
2021,KHM,Cambodia,,15.0,14.4375
2022,KHM,Cambodia,,15.0,14.4375
2023,KHM,Cambodia,,15.0,14.4375
2024,KHM,Cambodia,,15.0,14.4375
2006,KOR,South Korea,4.32924138359504,3.9166666666666665,4.230874013972983
2007,KOR,South Korea,5.276428243153595,6.0,12.264938619638484
2008,KOR,South Korea,5.0,5.666666666666667,10.892645432584327
2009,KOR,South Korea,5.0,5.333333333333333,9.71258586599316
2010,KOR,South Korea,5.0,5.0,8.532526299401994
2011,KOR,South Korea,5.0,4.5,6.762436949515248
2012,KOR,South Korea,5.0,4.0,5.0
2013,KOR,South Korea,4.0,4.0,4.666666666666667
2014,KOR,South Korea,4.0,4.0,4.333333333333333
2015,KOR,South Korea,4.0,4.0,4.0
2016,KOR,South Korea,4.0,3.6666666666666665,3.0
2017,KOR,South Korea,4.0,3.333333333333333,1.9368088585583347
2018,KOR,South Korea,4.0,3.0,0.7567492919671697
2019,KOR,South Korea,4.0,3.0,0.7567492919671697
2020,KOR,South Korea,4.0,3.0,0.7567492919671697
2021,KOR,South Korea,3.912479165389272,3.0,0.6958855874801593
2022,KOR,South Korea,3.912479165389272,3.0,0.6958855874801593
2023,KOR,South Korea,3.912479165389272,3.0,0.6958855874801593
2024,KOR,South Korea,3.912479165389272,3.0,0.6958855874801593
2006,KWT,Kuwait,3.4999988300315272,4.0,4.330679651200521
2007,KWT,Kuwait,2.999998169272636,3.0,3.4470850669312045
2008,KWT,Kuwait,3.0,3.0,3.4470857140102584
2009,KWT,Kuwait,3.0,3.0,3.4470857140102584
2010,KWT,Kuwait,3.0,3.0,3.4470857140102584
2011,KWT,Kuwait,3.0,3.0,3.0
2012,KWT,Kuwait,3.0,3.0000263264165854,3.111111111111111
2013,KWT,Kuwait,3.0,3.000024598448695,3.2222222222222223
2014,KWT,Kuwait,3.0,3.0,3.4470857140102584
2015,KWT,Kuwait,3.0,3.0,3.4470857140102584
2016,KWT,Kuwait,3.0,3.0,3.4470857140102584
2017,KWT,Kuwait,3.0,3.0,3.4470857140102584
2018,KWT,Kuwait,3.0,3.0,3.4470857140102584
2019,KWT,Kuwait,3.0,3.0,3.4470857140102584
2020,KWT,Kuwait,3.0,3.0,4.0
2021,KWT,Kuwait,3.5,4.0,5.0
2022,KWT,Kuwait,4.0,5.0,5.0
2023,KWT,Kuwait,3.999999490790419,5.0,5.214274235469837
2024,KWT,Kuwait,3.999999490790419,5.0,5.214274235469837
2006,LBN,Lebanon,16.0,15.543595373881333,16.571209079009307
2007,LBN,Lebanon,15.75,15.29775432820962,16.391064793033756
2008,LBN,Lebanon,15.5,15.051913282537909,16.210920507058212
2009,LBN,Lebanon,14.726479984771636,15.0,15.0
2010,LBN,Lebanon,15.0,14.0,15.25
2011,LBN,Lebanon,15.0,14.0,15.5
2012,LBN,Lebanon,15.0,14.0,15.669804957061308
2013,LBN,Lebanon,15.0,14.0,16.0
2014,LBN,Lebanon,15.0,15.0,16.333333333333332
2015,LBN,Lebanon,15.0,15.0,16.666666666666668
2016,LBN,Lebanon,16.0,15.0,16.395751678058346
2017,LBN,Lebanon,16.0,16.0,16.718523742320357
2018,LBN,Lebanon,16.0,16.5,16.879909774451363
2019,LBN,Lebanon,18.0,17.0,18.0
2020,LBN,Lebanon,21.0,20.0,20.0
2021,LBN,Lebanon,20.64721079956401,20.33333333333333,19.990840306345284
2022,LBN,Lebanon,20.96760799303908,20.666666666666668,20.2276070229308
2023,LBN,Lebanon,21.288005186514148,21.0,20.46437373951631
2024,LBN,Lebanon,16.77107244243828,16.29962572136828,17.126111422210286
2006,LKA,Sri Lanka,13.0,14.175798627209478,12.67458691159734
2007,LKA,Sri Lanka,13.5,17.870210382483197,6.0
2008,LKA,Sri Lanka,14.0,17.030285559731936,8.666666666666666
2009,LKA,Sri Lanka,14.0,15.73661903860948,11.333333333333332
2010,LKA,Sri Lanka,14.0,14.0,14.0
2011,LKA,Sri Lanka,13.0,14.0,14.125
2012,LKA,Sri Lanka,13.0,14.0,14.25
2013,LKA,Sri Lanka,13.0,14.0,12.968692241213848
2014,LKA,Sri Lanka,13.0,14.0,12.968692241213848
2015,LKA,Sri Lanka,13.0,14.0,12.968692241213848
2016,LKA,Sri Lanka,14.0,14.0,14.570126943037264
2017,LKA,Sri Lanka,14.0,14.0,14.570126943037264
2018,LKA,Sri Lanka,14.0,14.0,15.0
2019,LKA,Sri Lanka,15.0,14.5,15.5
2020,LKA,Sri Lanka,16.0,15.0,16.0
2021,LKA,Sri Lanka,20.0,17.0,17.0
2022,LKA,Sri Lanka,21.0,20.0,18.0
2023,LKA,Sri Lanka,19.79662646807078,20.0,13.8152427788291
2024,LKA,Sri Lanka,19.79662646807078,20.0,13.8152427788291
2006,LTU,Lithuania,6.0,6.0,5.375419390157046
2007,LTU,Lithuania,6.0,6.333333333333333,5.2162169390545134
2008,LTU,Lithuania,7.0,6.666666666666667,6.325715961140447
2009,LTU,Lithuania,9.0,7.0,9.0
2010,LTU,Lithuania,9.0,7.2,8.6
2011,LTU,Lithuania,9.0,7.4,8.2
2012,LTU,Lithuania,9.0,7.524432439218323,8.453443667131136
2013,LTU,Lithuania,9.0,7.524432439218323,8.453443667131136
2014,LTU,Lithuania,8.0,8.0,7.0
2015,LTU,Lithuania,7.0,7.0,6.75
2016,LTU,Lithuania,7.0,7.0,6.5
2017,LTU,Lithuania,7.0,7.0,6.166513510037915
2018,LTU,Lithuania,7.0,7.0,6.0
2019,LTU,Lithuania,7.0,7.0,5.5
2020,LTU,Lithuania,6.0,6.5,5.0
2021,LTU,Lithuania,5.723536971714932,6.0,5.0
2022,LTU,Lithuania,5.723536971714932,6.0,5.0
2023,LTU,Lithuania,6.082396359961495,6.0,5.5
2024,LTU,Lithuania,6.441255748208059,6.0,6.0
2006,LUX,Luxembourg,1.0,1.0,
2007,LUX,Luxembourg,1.0,1.0,
2008,LUX,Luxembourg,1.0,1.0,
2009,LUX,Luxembourg,1.0,1.0,
2010,LUX,Luxembourg,1.0,1.0,
2011,LUX,Luxembourg,1.0,1.0,
2012,LUX,Luxembourg,1.0,1.0,
2013,LUX,Luxembourg,1.0,1.0,
2014,LUX,Luxembourg,1.0,1.0,
2015,LUX,Luxembourg,1.0,1.0,
2016,LUX,Luxembourg,1.0,1.0,
2017,LUX,Luxembourg,1.0,1.0,
2018,LUX,Luxembourg,1.0,1.0,
2019,LUX,Luxembourg,1.0,1.0,
2020,LUX,Luxembourg,1.0,1.0,
2021,LUX,Luxembourg,1.0,1.0,
2022,LUX,Luxembourg,1.0,1.0,
2023,LUX,Luxembourg,1.0,1.0,
2024,LUX,Luxembourg,1.0,1.0,
2006,LVA,Latvia,7.930718857014915,7.445775204036997,7.123209970482475
2007,LVA,Latvia,7.0,7.136549937094771,5.86132098589228
2008,LVA,Latvia,8.0,7.0,7.323850110245599
2009,LVA,Latvia,11.0,8.0,11.390166515268753
2010,LVA,Latvia,11.0,8.25,11.0
2011,LVA,Latvia,10.0,8.5,10.5
2012,LVA,Latvia,10.0,8.13740373557118,10.0
2013,LVA,Latvia,9.0,9.0,8.0
2014,LVA,Latvia,8.0,8.0,7.0
2015,LVA,Latvia,7.0,7.0,6.75
2016,LVA,Latvia,7.0,7.0,6.5
2017,LVA,Latvia,7.0,7.0,5.892441857277942
2018,LVA,Latvia,7.0,7.0,6.0
2019,LVA,Latvia,7.0,7.0,5.5
2020,LVA,Latvia,7.0,7.0,5.0
2021,LVA,Latvia,6.452840782827296,7.0,5.0
2022,LVA,Latvia,6.452840782827296,7.0,5.0
2023,LVA,Latvia,6.766699547813725,7.0,5.5
2024,LVA,Latvia,7.080558312800156,7.0,6.0
2006,MAR,Morocco,10.0,11.0,10.610389610389612
2007,MAR,Morocco,10.0,11.0,10.610389610389612
2008,MAR,Morocco,10.0,11.0,10.610389610389612
2009,MAR,Morocco,10.0,11.0,10.610389610389612
2010,MAR,Morocco,10.0,11.0,10.0
2011,MAR,Morocco,10.0,11.0,10.090909090909092
2012,MAR,Morocco,10.0,11.0,10.181818181818182
2013,MAR,Morocco,10.0,11.0,10.610389610389612
2014,MAR,Morocco,10.0,11.0,10.610389610389612
2015,MAR,Morocco,10.0,11.0,10.610389610389612
2016,MAR,Morocco,10.0,11.0,10.610389610389612
2017,MAR,Morocco,10.0,11.0,10.610389610389612
2018,MAR,Morocco,10.0,11.0,10.610389610389612
2019,MAR,Morocco,10.0,11.0,10.610389610389612
2020,MAR,Morocco,10.0,11.0,10.610389610389612
2021,MAR,Morocco,10.0,11.0,11.0
2022,MAR,Morocco,10.0,11.0,11.0
2023,MAR,Morocco,10.0,11.0,11.0
2024,MAR,Morocco,10.0,11.0,11.0
2006,MDA,Moldova,,16.0,16.0
2007,MDA,Moldova,,16.0,16.0
2008,MDA,Moldova,,16.0,16.0
2009,MDA,Moldova,,16.0,16.0
2010,MDA,Moldova,,16.0,16.0
2011,MDA,Moldova,,16.0,16.0
2012,MDA,Moldova,,16.0,16.0
2013,MDA,Moldova,,16.0,16.0
2014,MDA,Moldova,,16.0,16.0
2015,MDA,Moldova,,16.0,16.0
2016,MDA,Moldova,,16.0,16.0
2017,MDA,Moldova,,16.0,16.0
2018,MDA,Moldova,,16.0,16.0
2019,MDA,Moldova,,16.0,16.0
2020,MDA,Moldova,,16.0,16.0
2021,MDA,Moldova,,16.0,16.0
2022,MDA,Moldova,,16.0,16.0
2023,MDA,Moldova,,16.0,16.0
2024,MDA,Moldova,,16.0,16.0
2006,MEX,Mexico,9.039834846264744,7.559239884664381,8.597742953643092
2007,MEX,Mexico,9.0,7.46581031055775,8.633111367580245
2008,MEX,Mexico,8.0,6.935809298562607,8.25717792657269
2009,MEX,Mexico,9.0,6.946437902011384,9.0
2010,MEX,Mexico,9.0,7.300516621567958,8.75
2011,MEX,Mexico,9.0,7.654595341124532,8.5
2012,MEX,Mexico,9.0,7.46581031055775,8.633111367580245
2013,MEX,Mexico,8.0,7.297338139576961,8.0
2014,MEX,Mexico,8.0,7.0,8.142857142857142
2015,MEX,Mexico,8.0,7.0,8.285714285714286
2016,MEX,Mexico,8.0,7.0,8.212491445698557
2017,MEX,Mexico,8.0,7.0,8.212491445698557
2018,MEX,Mexico,8.0,7.0,8.212491445698557
2019,MEX,Mexico,9.0,7.0,8.957386115598293
2020,MEX,Mexico,10.0,8.0,9.0
2021,MEX,Mexico,9.993751048652712,8.0,9.0
2022,MEX,Mexico,10.920891448287533,9.0,9.0
2023,MEX,Mexico,10.901192367912689,9.0,8.9812703112886
2024,MEX,Mexico,10.901192367912689,9.0,8.9812703112886
2006,MLT,Malta,5.269224181745463,6.277777777777778,7.400275962986749
2007,MLT,Malta,5.0,6.0,7.400500574053215
2008,MLT,Malta,5.0,5.0,7.400500574053215
2009,MLT,Malta,5.0,5.333333333333333,7.400500574053215
2010,MLT,Malta,5.091774439474535,5.666666666666667,7.400424007547966
2011,MLT,Malta,5.0,6.0,7.400500574053215
2012,MLT,Malta,5.0,7.0,7.0
2013,MLT,Malta,5.0,7.0,8.0
2014,MLT,Malta,6.0,7.0,7.666666666666667
2015,MLT,Malta,6.0,7.0,7.333333333333333
2016,MLT,Malta,6.0,7.0,7.0
2017,MLT,Malta,6.0,7.0,7.399666283964524
2018,MLT,Malta,5.0,7.0,7.400500574053215
2019,MLT,Malta,5.0,6.0,7.400500574053215
2020,MLT,Malta,5.0,6.0,7.400500574053215
2021,MLT,Malta,5.18856520798595,6.0,7.40034325596912
2022,MLT,Malta,5.18856520798595,6.0,7.40034325596912
2023,MLT,Malta,5.18856520798595,6.0,7.40034325596912
2024,MLT,Malta,5.18856520798595,6.0,7.40034325596912
2006,MNE,Montenegro,,13.425636137801872,14.000820705167724
2007,MNE,Montenegro,,13.425636137801872,14.000820705167724
2008,MNE,Montenegro,,12.0,12.146157491204848
2009,MNE,Montenegro,,13.0,13.447094781432703
2010,MNE,Montenegro,,13.0,12.0
2011,MNE,Montenegro,,13.0,12.5
2012,MNE,Montenegro,,13.015435587481806,13.0
2013,MNE,Montenegro,,13.220378755149994,13.5
2014,MNE,Montenegro,,13.0,14.0
2015,MNE,Montenegro,,13.5,14.142857142857142
2016,MNE,Montenegro,,14.0,14.285714285714286
2017,MNE,Montenegro,,14.0,14.748032071660562
2018,MNE,Montenegro,,14.0,14.748032071660562
2019,MNE,Montenegro,,14.0,14.748032071660562
2020,MNE,Montenegro,,14.0,14.748032071660562
2021,MNE,Montenegro,,14.0,15.0
2022,MNE,Montenegro,,14.0,15.0
2023,MNE,Montenegro,,13.5,15.0
2024,MNE,Montenegro,,13.0,15.0
2006,MNG,Mongolia,14.689529776160558,14.938208901627306,14.33982030117481
2007,MNG,Mongolia,14.0,13.696071282550456,13.0
2008,MNG,Mongolia,14.0,13.752700652925142,13.142857142857142
2009,MNG,Mongolia,15.0,14.0,13.285714285714286
2010,MNG,Mongolia,14.0,14.0,13.699044704874876
2011,MNG,Mongolia,14.0,14.0,13.699044704874876
2012,MNG,Mongolia,14.0,13.969494146907966,13.685932299354707
2013,MNG,Mongolia,14.0,13.969494146907966,13.685932299354707
2014,MNG,Mongolia,14.0,14.0,14.0
2015,MNG,Mongolia,15.0,14.5,15.0
2016,MNG,Mongolia,15.0,15.0,16.0
2017,MNG,Mongolia,16.0,17.0,15.5
2018,MNG,Mongolia,15.0,16.0,15.0
2019,MNG,Mongolia,15.0,16.0,14.833333333333334
2020,MNG,Mongolia,15.150104646860436,16.0,14.666666666666666
2021,MNG,Mongolia,15.202051851134248,16.0,14.97274666137201
2022,MNG,Mongolia,15.202051851134248,16.0,14.97274666137201
2023,MNG,Mongolia,15.202051851134248,16.0,14.97274666137201
2024,MNG,Mongolia,14.65527577062689,15.0,14.0
2006,MOZ,Mozambique,15.793221501326467,16.61531944482194,16.34078482333746
2007,MOZ,Mozambique,11.180132050877456,15.437398140332624,14.0
2008,MOZ,Mozambique,11.462066489728446,15.509392013804836,14.142857142857142
2009,MOZ,Mozambique,11.744000928579442,15.581385887277047,14.285714285714286
2010,MOZ,Mozambique,15.793221501326467,16.61531944482194,16.34078482333746
2011,MOZ,Mozambique,15.0,16.408467537868223,16.116053678063693
2012,MOZ,Mozambique,15.0,16.408467537868223,16.116053678063693
2013,MOZ,Mozambique,4.0,14.0,12.998615806029846
2014,MOZ,Mozambique,14.0,14.5,15.0
2015,MOZ,Mozambique,14.0,15.0,16.0
2016,MOZ,Mozambique,15.0,16.0,20.0
2017,MOZ,Mozambique,22.0,17.0,19.0
2018,MOZ,Mozambique,22.0,18.0,18.0
2019,MOZ,Mozambique,22.0,19.0,17.0
2020,MOZ,Mozambique,20.33333333333333,18.666666666666668,17.62521942240059
2021,MOZ,Mozambique,18.666666666666668,18.33333333333333,17.152813170900142
2022,MOZ,Mozambique,17.0,18.0,16.680406919399694
2023,MOZ,Mozambique,19.30534455203816,18.0,17.334823069970295
2024,MOZ,Mozambique,15.793221501326467,16.61531944482194,16.34078482333746
2006,MUS,Mauritius,,8.5875,10.0
2007,MUS,Mauritius,,9.0,10.0
2008,MUS,Mauritius,,8.8,10.0
2009,MUS,Mauritius,,8.6,10.0
2010,MUS,Mauritius,,8.5875,10.0
2011,MUS,Mauritius,,8.5875,10.0
2012,MUS,Mauritius,,8.0,10.0
2013,MUS,Mauritius,,8.0,10.0
2014,MUS,Mauritius,,8.0,10.0
2015,MUS,Mauritius,,8.0,10.0
2016,MUS,Mauritius,,8.0,10.0
2017,MUS,Mauritius,,8.0,10.0
2018,MUS,Mauritius,,8.0,10.0
2019,MUS,Mauritius,,8.0,10.0
2020,MUS,Mauritius,,8.0,10.0
2021,MUS,Mauritius,,9.0,10.0
2022,MUS,Mauritius,,10.0,10.0
2023,MUS,Mauritius,,10.0,10.0
2024,MUS,Mauritius,,10.0,10.0
2006,MYS,Malaysia,7.0,7.0,7.0
2007,MYS,Malaysia,7.0,7.0,7.0
2008,MYS,Malaysia,7.0,7.0,7.0
2009,MYS,Malaysia,7.0,7.0,7.0
2010,MYS,Malaysia,7.0,7.0,7.0
2011,MYS,Malaysia,7.0,7.0,7.0
2012,MYS,Malaysia,7.0,7.0,7.0
2013,MYS,Malaysia,7.0,7.0,7.0
2014,MYS,Malaysia,7.0,7.0,7.0
2015,MYS,Malaysia,7.0,7.0,7.0
2016,MYS,Malaysia,7.0,7.0,7.0
2017,MYS,Malaysia,7.0,7.0,7.0
2018,MYS,Malaysia,7.0,7.0,7.0
2019,MYS,Malaysia,7.0,7.0,7.0
2020,MYS,Malaysia,7.0,7.0,7.0
2021,MYS,Malaysia,7.0,7.0,7.0
2022,MYS,Malaysia,7.0,7.0,7.0
2023,MYS,Malaysia,7.0,7.0,7.0
2024,MYS,Malaysia,7.0,7.0,7.0
2006,NAM,Namibia,,12.400250263779128,14.961307131866796
2007,NAM,Namibia,,12.400250263779128,14.961307131866796
2008,NAM,Namibia,,12.400250263779128,14.961307131866796
2009,NAM,Namibia,,12.400250263779128,14.961307131866796
2010,NAM,Namibia,,12.407551197710044,10.0
2011,NAM,Namibia,,12.401664899009427,14.0
2012,NAM,Namibia,,12.401664899009427,14.0
2013,NAM,Namibia,,12.401664899009427,14.0
2014,NAM,Namibia,,12.400193324334277,15.0
2015,NAM,Namibia,,12.400193324334277,15.0
2016,NAM,Namibia,,10.0,15.0
2017,NAM,Namibia,,11.0,15.0
2018,NAM,Namibia,,11.6,15.0
2019,NAM,Namibia,,12.2,18.0
2020,NAM,Namibia,,12.392835450958504,20.0
2021,NAM,Namibia,,12.397985962321544,16.5
2022,NAM,Namibia,,14.0,13.0
2023,NAM,Namibia,,14.0,14.95980348900098
2024,NAM,Namibia,,14.0,14.95980348900098
2006,NGA,Nigeria,,,13.0
2007,NGA,Nigeria,,,13.0
2008,NGA,Nigeria,,,13.0
2009,NGA,Nigeria,,,13.0
2010,NGA,Nigeria,,,13.0
2011,NGA,Nigeria,,,13.0
2012,NGA,Nigeria,,,13.0
2013,NGA,Nigeria,,,13.0
2014,NGA,Nigeria,,,13.0
2015,NGA,Nigeria,,,13.0
2016,NGA,Nigeria,,,14.0
2017,NGA,Nigeria,,,14.0
2018,NGA,Nigeria,,,14.0
2019,NGA,Nigeria,,,14.0
2020,NGA,Nigeria,,,15.0
2021,NGA,Nigeria,,,15.5
2022,NGA,Nigeria,,,16.0
2023,NGA,Nigeria,,,
2024,NGA,Nigeria,,,
2006,NIC,Nicaragua,14.6,15.533333333333331,15.0
2007,NIC,Nicaragua,14.6,15.533333333333331,15.0
2008,NIC,Nicaragua,14.6,15.533333333333331,15.0
2009,NIC,Nicaragua,14.6,15.533333333333331,15.0
2010,NIC,Nicaragua,14.6,16.0,15.0
2011,NIC,Nicaragua,14.6,16.0,15.0
2012,NIC,Nicaragua,14.6,16.0,15.0
2013,NIC,Nicaragua,14.6,16.0,15.0
2014,NIC,Nicaragua,14.6,15.5,15.0
2015,NIC,Nicaragua,14.0,15.0,15.0
2016,NIC,Nicaragua,14.0,15.0,15.0
2017,NIC,Nicaragua,14.0,15.0,15.0
2018,NIC,Nicaragua,15.0,15.0,15.0
2019,NIC,Nicaragua,16.0,15.0,15.0
2020,NIC,Nicaragua,14.6,16.0,15.0
2021,NIC,Nicaragua,14.6,16.0,15.0
2022,NIC,Nicaragua,14.6,16.0,15.0
2023,NIC,Nicaragua,14.6,15.5,15.0
2024,NIC,Nicaragua,14.6,15.0,15.0
2006,NLD,Netherlands,1.0,1.0,1.5
2007,NLD,Netherlands,1.0,1.0,1.5
2008,NLD,Netherlands,1.0,1.0,1.5
2009,NLD,Netherlands,1.0,1.0,1.5
2010,NLD,Netherlands,1.0,1.0,1.5
2011,NLD,Netherlands,1.0,1.0,1.5
2012,NLD,Netherlands,1.0,1.0,1.5
2013,NLD,Netherlands,1.0,1.0,2.0
2014,NLD,Netherlands,1.0,1.0,1.5
2015,NLD,Netherlands,1.0,1.0,1.0
2016,NLD,Netherlands,1.0,1.0,1.5
2017,NLD,Netherlands,1.0,1.0,1.5
2018,NLD,Netherlands,1.0,1.0,1.5
2019,NLD,Netherlands,1.0,1.0,1.5
2020,NLD,Netherlands,1.0,1.0,1.5
2021,NLD,Netherlands,1.0,1.0,1.5
2022,NLD,Netherlands,1.0,1.0,1.5
2023,NLD,Netherlands,1.0,1.0,1.5
2024,NLD,Netherlands,1.0,1.0,1.5
2006,NOR,Norway,1.0,1.0,
2007,NOR,Norway,1.0,1.0,
2008,NOR,Norway,1.0,1.0,
2009,NOR,Norway,1.0,1.0,
2010,NOR,Norway,1.0,1.0,
2011,NOR,Norway,1.0,1.0,
2012,NOR,Norway,1.0,1.0,
2013,NOR,Norway,1.0,1.0,
2014,NOR,Norway,1.0,1.0,
2015,NOR,Norway,1.0,1.0,
2016,NOR,Norway,1.0,1.0,
2017,NOR,Norway,1.0,1.0,
2018,NOR,Norway,1.0,1.0,
2019,NOR,Norway,1.0,1.0,
2020,NOR,Norway,1.0,1.0,
2021,NOR,Norway,1.0,1.0,
2022,NOR,Norway,1.0,1.0,
2023,NOR,Norway,1.0,1.0,
2024,NOR,Norway,1.0,1.0,
2006,NZL,New Zealand,2.7857142857142856,1.0,2.5160495633657574
2007,NZL,New Zealand,2.7857142857142856,1.0,2.5160495633657574
2008,NZL,New Zealand,2.7857142857142856,1.0,2.5160495633657574
2009,NZL,New Zealand,2.0,1.0,1.117285720984429
2010,NZL,New Zealand,2.5,1.0,2.007408166136184
2011,NZL,New Zealand,3.0,1.0,3.0
2012,NZL,New Zealand,3.0,1.0,2.9
2013,NZL,New Zealand,3.0,1.0,2.8
2014,NZL,New Zealand,3.0,1.0,2.897530611287938
2015,NZL,New Zealand,3.0,1.0,2.897530611287938
2016,NZL,New Zealand,3.0,1.0,2.897530611287938
2017,NZL,New Zealand,3.0,1.0,2.897530611287938
2018,NZL,New Zealand,3.0,1.0,2.897530611287938
2019,NZL,New Zealand,3.0,1.0,2.897530611287938
2020,NZL,New Zealand,3.0,1.0,2.897530611287938
2021,NZL,New Zealand,2.5,1.0,2.0
2022,NZL,New Zealand,2.0,1.0,1.117285720984429
2023,NZL,New Zealand,2.7857142857142856,1.0,2.5160495633657574
2024,NZL,New Zealand,2.7857142857142856,1.0,2.5160495633657574
2006,OMN,Oman,7.440620246591845,7.0,8.248004690380268
2007,OMN,Oman,6.303597451986613,6.0,6.0
2008,OMN,Oman,6.142437623058123,5.666666666666667,6.125
2009,OMN,Oman,5.981277794129631,5.333333333333333,6.25
2010,OMN,Oman,5.83743238545298,5.0,6.444491654169482
2011,OMN,Oman,5.83743238545298,5.0,6.444491654169482
2012,OMN,Oman,5.83743238545298,5.0,6.444491654169482
2013,OMN,Oman,8.525129682068139,8.352941176470592,9.468028214875805
2014,OMN,Oman,8.525129682068139,8.352941176470592,9.468028214875805
2015,OMN,Oman,5.975841883227429,5.0,7.0
2016,OMN,Oman,7.87714436495611,7.0,10.0
2017,OMN,Oman,9.0,9.0,11.0
2018,OMN,Oman,10.0,10.0,11.666666666666666
2019,OMN,Oman,11.0,11.0,12.333333333333334
2020,OMN,Oman,12.0,12.0,13.0
2021,OMN,Oman,12.0,13.0,14.0
2022,OMN,Oman,12.0,13.0,13.0
2023,OMN,Oman,11.260030090646469,12.0,12.0
2024,OMN,Oman,10.43395798420316,11.0,11.0
2006,PAK,Pakistan,13.997660215767992,14.0,17.093650560345516
2007,PAK,Pakistan,14.414000816382924,14.5,16.757232575734545
2008,PAK,Pakistan,14.830341416997824,15.0,16.420814591123566
2009,PAK,Pakistan,15.028007646647168,15.5,16.0
2010,PAK,Pakistan,15.945870726223037,16.0,15.857142857142858
2011,PAK,Pakistan,15.970411257174462,16.15321615419794,15.714285714285714
2012,PAK,Pakistan,16.495703819457532,17.0,15.075142652679684
2013,PAK,Pakistan,16.495703819457532,17.0,15.075142652679684
2014,PAK,Pakistan,16.495703819457532,17.0,15.075142652679684
2015,PAK,Pakistan,15.0,17.0,14.616743332510152
2016,PAK,Pakistan,15.0,16.5,15.0
2017,PAK,Pakistan,15.0,16.0,15.333333333333334
2018,PAK,Pakistan,15.0,16.0,15.666666666666666
2019,PAK,Pakistan,16.0,16.0,16.0
2020,PAK,Pakistan,16.0,16.0,16.0
2021,PAK,Pakistan,16.5,16.0,16.0
2022,PAK,Pakistan,17.0,16.0,16.0
2023,PAK,Pakistan,19.0,19.0,14.0046060458054
2024,PAK,Pakistan,17.328385020687378,18.0,14.402306683457738
2006,PAN,Panama,3.749121370693016,5.905399499437387,9.11410617493474
2007,PAN,Panama,3.749121370693016,5.905399499437387,9.11410617493474
2008,PAN,Panama,11.0,5.947341867438922,9.290043118780735
2009,PAN,Panama,10.5,5.944449622996644,9.277911006911342
2010,PAN,Panama,10.0,10.0,10.0
2011,PAN,Panama,1.0,9.5,9.5
2012,PAN,Panama,1.0,9.0,9.0
2013,PAN,Panama,1.0,9.0,8.857142857142858
2014,PAN,Panama,1.0,9.0,8.714285714285714
2015,PAN,Panama,1.0,9.0,9.017577173063634
2016,PAN,Panama,1.0,1.0,9.09428170123542
2017,PAN,Panama,1.0,1.0,9.09428170123542
2018,PAN,Panama,1.0,1.0,9.09428170123542
2019,PAN,Panama,1.0,8.0,8.0
2020,PAN,Panama,2.0,1.0,9.0
2021,PAN,Panama,10.0,9.0,9.0
2022,PAN,Panama,3.738160419054839,1.0,9.0
2023,PAN,Panama,3.758145681379727,10.0,9.0
2024,PAN,Panama,3.73875720134671,1.0,10.0
2006,PER,Peru,11.0,9.994580088252542,9.687187105658538
2007,PER,Peru,11.0,12.0,9.781527707027635
2008,PER,Peru,10.0,11.0,9.18099971887831
2009,PER,Peru,10.0,10.0,9.133956902151269
2010,PER,Peru,10.0,9.666666666666666,9.118275963242256
2011,PER,Peru,10.0,9.333333333333334,9.0
2012,PER,Peru,9.0,9.0,8.5
2013,PER,Peru,8.0,8.0,8.0
2014,PER,Peru,8.0,7.0,8.0
2015,PER,Peru,8.0,7.0,8.0
2016,PER,Peru,8.0,7.0,7.885858109125578
2017,PER,Peru,8.0,7.0,7.885858109125578
2018,PER,Peru,8.0,7.0,7.885858109125578
2019,PER,Peru,8.0,7.0,7.885858109125578
2020,PER,Peru,8.0,7.0,7.885858109125578
2021,PER,Peru,9.0,7.0,8.0
2022,PER,Peru,9.86270660823529,7.5,9.0
2023,PER,Peru,10.669221051430863,8.0,9.5
2024,PER,Peru,11.498701700099748,8.0,10.0
2006,PHL,Philippines,12.0,11.331878317838113,11.796820168699243
2007,PHL,Philippines,11.8,11.170753632691673,11.54103139204781
2008,PHL,Philippines,11.6,11.009628947545227,11.28524261539637
2009,PHL,Philippines,12.556105157081207,13.0,13.319229515540687
2010,PHL,Philippines,11.286985298226206,12.5,12.0
2011,PHL,Philippines,11.0,12.0,11.5
2012,PHL,Philippines,11.0,11.0,11.0
2013,PHL,Philippines,11.0,10.0,10.0
2014,PHL,Philippines,10.0,9.0,9.0
2015,PHL,Philippines,10.0,9.0,8.8
2016,PHL,Philippines,10.0,9.0,8.6
2017,PHL,Philippines,10.0,9.0,8.759825475220797
2018,PHL,Philippines,9.0,9.0,8.01649484478914
2019,PHL,Philippines,9.0,9.0,8.0
2020,PHL,Philippines,9.0,9.0,8.0
2021,PHL,Philippines,9.00846490852476,9.0,8.0
2022,PHL,Philippines,9.801268609576994,9.0,8.612102345491104
2023,PHL,Philippines,9.801268609576994,9.0,8.612102345491104
2024,PHL,Philippines,9.00846490852476,9.0,8.0
2006,PNG,Papua New Guinea,8.44312797520422,14.707388965578517,14.596077968927164
2007,PNG,Papua New Guinea,15.0,14.539794042590888,14.0
2008,PNG,Papua New Guinea,14.0,14.565352239148597,14.090909090909092
2009,PNG,Papua New Guinea,13.000006472675494,14.590910270781212,14.181818181818182
2010,PNG,Papua New Guinea,8.44312797520422,14.707388965578517,14.596077968927164
2011,PNG,Papua New Guinea,8.44312797520422,14.707388965578517,14.596077968927164
2012,PNG,Papua New Guinea,8.44312797520422,14.707388965578517,14.596077968927164
2013,PNG,Papua New Guinea,8.44312797520422,14.707388965578517,14.596077968927164
2014,PNG,Papua New Guinea,8.44312797520422,14.707388965578517,14.596077968927164
2015,PNG,Papua New Guinea,35.112617367719736,14.0,12.17881202066284
2016,PNG,Papua New Guinea,35.112617367719736,14.0,12.17881202066284
2017,PNG,Papua New Guinea,16.34449108644256,14.5,13.879299763426964
2018,PNG,Papua New Guinea,3.486839202897756,15.0,15.0
2019,PNG,Papua New Guinea,-1.6102647659004106,15.0,15.5
2020,PNG,Papua New Guinea,-6.707368734698576,15.0,16.0
2021,PNG,Papua New Guinea,-6.707368734698576,15.0,16.0
2022,PNG,Papua New Guinea,-2.42363519483456,15.0,15.579787506191083
2023,PNG,Papua New Guinea,-2.42363519483456,15.0,15.579787506191083
2024,PNG,Papua New Guinea,-2.42363519483456,15.0,15.579787506191083
2006,POL,Poland,7.0,6.0,7.305555555555554
2007,POL,Poland,7.0,6.0,7.0
2008,POL,Poland,7.0,6.0,7.111111111111111
2009,POL,Poland,7.0,6.0,7.222222222222222
2010,POL,Poland,7.0,6.0,7.305555555555554
2011,POL,Poland,7.0,6.0,7.305555555555554
2012,POL,Poland,7.0,6.0,7.305555555555554
2013,POL,Poland,7.0,6.0,7.305555555555554
2014,POL,Poland,7.0,6.0,7.305555555555554
2015,POL,Poland,7.0,6.0,7.305555555555554
2016,POL,Poland,7.0,6.0,8.0
2017,POL,Poland,7.0,6.0,7.5
2018,POL,Poland,7.0,6.0,7.0
2019,POL,Poland,7.0,6.0,7.305555555555554
2020,POL,Poland,7.0,6.0,7.305555555555554
2021,POL,Poland,7.0,6.0,7.305555555555554
2022,POL,Poland,7.0,6.0,7.305555555555554
2023,POL,Poland,7.0,6.0,7.305555555555554
2024,POL,Poland,7.0,6.0,7.305555555555554
2006,PRT,Portugal,7.968768488556689,8.778442363413278,8.7226294808886
2007,PRT,Portugal,3.0,3.64456766010665,5.300080022287922
2008,PRT,Portugal,3.0,3.64456766010665,5.300080022287922
2009,PRT,Portugal,3.0,3.64456766010665,5.300080022287922
2010,PRT,Portugal,4.0,5.0,6.107090589130912
2011,PRT,Portugal,7.0,7.0,10.0
2012,PRT,Portugal,11.0,13.0,12.0
2013,PRT,Portugal,11.0,13.0,11.666666666666666
2014,PRT,Portugal,11.0,12.0,11.333333333333334
2015,PRT,Portugal,11.0,11.666666666666666,11.0
2016,PRT,Portugal,11.0,11.333333333333334,10.5
2017,PRT,Portugal,11.0,11.0,10.0
2018,PRT,Portugal,9.0,10.0,9.5
2019,PRT,Portugal,9.0,10.0,9.0
2020,PRT,Portugal,9.0,9.5,8.666666666666666
2021,PRT,Portugal,8.5,9.0,8.333333333333334
2022,PRT,Portugal,8.0,9.0,8.0
2023,PRT,Portugal,8.033755086104232,9.0,8.0
2024,PRT,Portugal,5.904077707916004,6.578259561118881,7.0
2006,PRY,Paraguay,12.700806429109988,12.088235294117643,12.1121527115966
2007,PRY,Paraguay,12.700806429109988,12.088235294117643,12.1121527115966
2008,PRY,Paraguay,16.868453752233734,16.0,13.905256084116028
2009,PRY,Paraguay,15.80304015083368,15.0,13.44686875580279
2010,PRY,Paraguay,14.737626549433628,14.0,12.988481427489551
2011,PRY,Paraguay,14.720173334244848,13.666666666666666,13.0
2012,PRY,Paraguay,13.994010278564703,13.333333333333334,12.666666666666666
2013,PRY,Paraguay,13.0,13.0,12.333333333333334
2014,PRY,Paraguay,13.0,12.0,12.0
2015,PRY,Paraguay,12.0,11.0,11.9
2016,PRY,Paraguay,12.0,11.0,11.8
2017,PRY,Paraguay,12.0,11.0,11.75723427205883
2018,PRY,Paraguay,11.0,11.0,11.442335725816124
2019,PRY,Paraguay,11.0,11.0,11.442335725816124
2020,PRY,Paraguay,11.541385745233466,11.0,11.61331944254984
2021,PRY,Paraguay,11.541385745233466,11.0,11.61331944254984
2022,PRY,Paraguay,11.541385745233466,11.0,11.61331944254984
2023,PRY,Paraguay,11.008678944533436,10.5,11.384125778393225
2024,PRY,Paraguay,10.157569049325488,10.0,11.0
2006,QAT,Qatar,4.110636972303241,4.0,3.5797515735122056
2007,QAT,Qatar,3.015064930272047,3.0,3.0395289835817647
2008,QAT,Qatar,3.015064930272047,3.0,3.0395289835817647
2009,QAT,Qatar,3.015064930272047,3.0,3.0395289835817647
2010,QAT,Qatar,3.7582745775756927,3.2992667545408216,3.0
2011,QAT,Qatar,3.666846764591388,3.391305268329931,3.142857142857143
2012,QAT,Qatar,3.575418951607084,3.4833437821190407,3.2857142857142856
2013,QAT,Qatar,3.59719748619223,3.518495878681755,3.312810099534271
2014,QAT,Qatar,3.59719748619223,3.518495878681755,3.312810099534271
2015,QAT,Qatar,3.0,3.1405141326000297,3.1882836104451124
2016,QAT,Qatar,3.0,3.0,3.0448471947510667
2017,QAT,Qatar,3.0,4.0,4.0
2018,QAT,Qatar,4.0,4.0,3.8
2019,QAT,Qatar,4.0,4.0,3.6
2020,QAT,Qatar,4.0,4.0,3.628810098416567
2021,QAT,Qatar,4.110636972303241,4.0,3.5797515735122056
2022,QAT,Qatar,5.30743235451136,4.0,3.0
2023,QAT,Qatar,3.562850951287645,3.5,3.3096402785469845
2024,QAT,Qatar,3.015064930272047,3.0,3.0395289835817647
2006,ROU,Romania,9.0,10.0,10.357970044447365
2007,ROU,Romania,9.0,10.0,10.357970044447365
2008,ROU,Romania,9.0,10.0,11.0
2009,ROU,Romania,10.0,10.0,10.833333333333334
2010,ROU,Romania,11.0,10.0,10.666666666666666
2011,ROU,Romania,10.0,10.0,10.357126839713466
2012,ROU,Romania,10.0,10.0,10.357126839713466
2013,ROU,Romania,10.0,10.0,10.357126839713466
2014,ROU,Romania,10.0,10.0,10.0
2015,ROU,Romania,10.0,10.0,10.0
2016,ROU,Romania,10.0,10.0,10.0
2017,ROU,Romania,10.0,10.0,10.357126839713466
2018,ROU,Romania,10.0,10.0,10.357126839713466
2019,ROU,Romania,10.0,10.0,10.357126839713466
2020,ROU,Romania,10.0,10.0,10.357126839713466
2021,ROU,Romania,9.867028728342197,10.0,10.0
2022,ROU,Romania,9.866689295521386,10.0,10.35723924793056
2023,ROU,Romania,9.866689295521386,10.0,10.35723924793056
2024,ROU,Romania,9.866689295521386,10.0,10.35723924793056
2006,RUS,Russia,8.0,7.787465058373261,9.670620411605668
2007,RUS,Russia,8.0,7.787465058373261,9.670620411605668
2008,RUS,Russia,8.0,8.0,9.0
2009,RUS,Russia,9.0,8.0,9.166666666666666
2010,RUS,Russia,9.0,8.0,9.333333333333334
2011,RUS,Russia,9.0,8.855270990725092,9.88083859490516
2012,RUS,Russia,9.0,8.855270990725092,9.88083859490516
2013,RUS,Russia,9.0,8.0,9.74623762161174
2014,RUS,Russia,9.0,8.0,10.0
2015,RUS,Russia,10.0,10.0,11.0
2016,RUS,Russia,10.0,11.0,10.666666666666666
2017,RUS,Russia,10.0,11.0,10.333333333333334
2018,RUS,Russia,10.0,11.0,10.0
2019,RUS,Russia,10.0,10.0,10.25
2020,RUS,Russia,9.0,10.0,10.5
2021,RUS,Russia,12.0,10.0,10.18750049504874
2022,RUS,Russia,15.0,16.0,11.0
2023,RUS,Russia,9.64705882352941,9.546204241070392,10.01686212527542
2024,RUS,Russia,9.64705882352941,9.546204241070392,10.01686212527542
2006,SAU,Saudi Arabia,5.0,6.0,5.814197107581961
2007,SAU,Saudi Arabia,5.0,5.0,4.0
2008,SAU,Saudi Arabia,4.0,4.666666666666667,4.125
2009,SAU,Saudi Arabia,4.0,4.333333333333333,4.25
2010,SAU,Saudi Arabia,4.0,4.0,5.662257214662741
2011,SAU,Saudi Arabia,4.0,4.0,5.662257214662741
2012,SAU,Saudi Arabia,4.0,4.0,5.662257214662741
2013,SAU,Saudi Arabia,4.0,4.305001923956023,5.652800427707742
2014,SAU,Saudi Arabia,3.0,3.772463342330159,5.455360920168892
2015,SAU,Saudi Arabia,3.0,4.0,5.0
2016,SAU,Saudi Arabia,4.0,4.0,7.0
2017,SAU,Saudi Arabia,5.0,4.5,7.0
2018,SAU,Saudi Arabia,5.0,5.0,7.0
2019,SAU,Saudi Arabia,5.0,5.0,5.845202770865457
2020,SAU,Saudi Arabia,6.0,5.0,6.05915399035167
2021,SAU,Saudi Arabia,5.666666666666667,5.0,5.9878369171896
2022,SAU,Saudi Arabia,5.333333333333333,5.0,7.0
2023,SAU,Saudi Arabia,5.0,5.0,6.0
2024,SAU,Saudi Arabia,3.980542528875951,4.0,6.0
2006,SEN,Senegal,,,
2007,SEN,Senegal,,,
2008,SEN,Senegal,,,
2009,SEN,Senegal,,,
2010,SEN,Senegal,,,
2011,SEN,Senegal,,14.0,
2012,SEN,Senegal,,14.0,
2013,SEN,Senegal,,14.0,
2014,SEN,Senegal,,14.0,
2015,SEN,Senegal,,14.0,
2016,SEN,Senegal,,14.0,
2017,SEN,Senegal,,13.0,
2018,SEN,Senegal,,13.0,
2019,SEN,Senegal,,13.0,
2020,SEN,Senegal,,13.0,
2021,SEN,Senegal,,13.0,
2022,SEN,Senegal,,13.0,
2023,SEN,Senegal,,13.5,
2024,SEN,Senegal,,14.0,
2006,SGP,Singapore,1.0,1.0,
2007,SGP,Singapore,1.0,1.0,
2008,SGP,Singapore,1.0,1.0,
2009,SGP,Singapore,1.0,1.0,
2010,SGP,Singapore,1.0,1.0,
2011,SGP,Singapore,1.0,1.0,
2012,SGP,Singapore,1.0,1.0,
2013,SGP,Singapore,1.0,1.0,
2014,SGP,Singapore,1.0,1.0,
2015,SGP,Singapore,1.0,1.0,
2016,SGP,Singapore,1.0,1.0,
2017,SGP,Singapore,1.0,1.0,
2018,SGP,Singapore,1.0,1.0,
2019,SGP,Singapore,1.0,1.0,
2020,SGP,Singapore,1.0,1.0,
2021,SGP,Singapore,1.0,1.0,
2022,SGP,Singapore,1.0,1.0,
2023,SGP,Singapore,1.0,1.0,
2024,SGP,Singapore,1.0,1.0,
2006,SLV,El Salvador,14.714265133415912,14.587297101825447,15.098977433836296
2007,SLV,El Salvador,14.714265133415912,14.587297101825447,15.098977433836296
2008,SLV,El Salvador,11.0,11.484050731032694,13.06307099451714
2009,SLV,El Salvador,12.0,11.0,12.601108981551056
2010,SLV,El Salvador,12.0,11.5,12.98385223186689
2011,SLV,El Salvador,12.0,12.0,13.0
2012,SLV,El Salvador,12.0,13.0,13.333333333333334
2013,SLV,El Salvador,13.0,13.0,13.666666666666666
2014,SLV,El Salvador,13.0,13.0,14.0
2015,SLV,El Salvador,14.0,13.0,14.5
2016,SLV,El Salvador,14.0,14.0,15.0
2017,SLV,El Salvador,15.0,17.0,19.0
2018,SLV,El Salvador,16.0,16.0,16.0
2019,SLV,El Salvador,16.0,16.0,16.0
2020,SLV,El Salvador,16.0,16.0,16.0
2021,SLV,El Salvador,17.0,16.0,16.0
2022,SLV,El Salvador,18.0,19.0,17.0
2023,SLV,El Salvador,22.0,19.0,17.81072385920772
2024,SLV,El Salvador,17.142507268070606,17.0,16.723860308074244
2006,SUR,Suriname,16.68466964983304,14.935515276648708,15.129261949895287
2007,SUR,Suriname,16.68466964983304,14.935515276648708,15.129261949895287
2008,SUR,Suriname,16.68466964983304,14.935515276648708,15.129261949895287
2009,SUR,Suriname,15.0,14.152123922355353,14.591275000460556
2010,SUR,Suriname,14.5,13.918876247680604,14.43136608958823
2011,SUR,Suriname,14.0,13.39724425634348,13.0
2012,SUR,Suriname,13.0,13.0,13.2
2013,SUR,Suriname,13.0,13.0,13.4
2014,SUR,Suriname,13.0,13.0,13.881456793497668
2015,SUR,Suriname,13.0,13.5,14.04159354114039
2016,SUR,Suriname,14.0,14.0,14.0
2017,SUR,Suriname,16.0,14.0,15.0
2018,SUR,Suriname,16.0,15.0,15.666666666666666
2019,SUR,Suriname,16.0,15.0,16.333333333333332
2020,SUR,Suriname,18.0,16.0,17.0
2021,SUR,Suriname,22.0,17.0,17.0
2022,SUR,Suriname,23.111090468903413,18.0,17.0
2023,SUR,Suriname,25.363251723291263,19.0,17.0
2024,SUR,Suriname,20.980372205134287,17.0,16.52249977363786
2006,SVK,Slovakia,3.0,3.0,3.0
2007,SVK,Slovakia,6.0,3.6666666666666665,4.0
2008,SVK,Slovakia,6.0,4.333333333333333,5.0
2009,SVK,Slovakia,5.333333333333333,5.0,4.666666666666667
2010,SVK,Slovakia,4.666666666666667,4.5,4.333333333333333
2011,SVK,Slovakia,4.0,4.0,4.0
2012,SVK,Slovakia,6.0,6.0,5.0
2013,SVK,Slovakia,7.0,11.0,7.0
2014,SVK,Slovakia,8.0,11.0,6.0
2015,SVK,Slovakia,8.0,10.0,5.0
2016,SVK,Slovakia,8.0,10.0,6.0
2017,SVK,Slovakia,7.0,8.0,5.0
2018,SVK,Slovakia,7.0,6.0,4.5
2019,SVK,Slovakia,7.0,8.0,4.0
2020,SVK,Slovakia,6.0,7.0,4.5
2021,SVK,Slovakia,5.909426864605518,6.0,5.0
2022,SVK,Slovakia,6.314559956974891,7.0,5.0
2023,SVK,Slovakia,5.909426864605518,6.0,5.0
2024,SVK,Slovakia,6.214415446531371,7.0,4.0
2006,SVN,Slovenia,3.0,5.0,3.0
2007,SVN,Slovenia,6.0,5.0,4.0
2008,SVN,Slovenia,6.0,5.0,5.0
2009,SVN,Slovenia,5.666666666666667,5.0,4.666666666666667
2010,SVN,Slovenia,5.333333333333333,4.5,4.333333333333333
2011,SVN,Slovenia,5.0,4.0,4.0
2012,SVN,Slovenia,5.0,6.0,6.0
2013,SVN,Slovenia,5.0,6.0,7.0
2014,SVN,Slovenia,5.0,11.0,6.0
2015,SVN,Slovenia,5.0,10.0,5.0
2016,SVN,Slovenia,5.0,10.0,6.0
2017,SVN,Slovenia,5.0,6.0,5.0
2018,SVN,Slovenia,5.0,6.0,4.5
2019,SVN,Slovenia,5.0,6.0,4.0
2020,SVN,Slovenia,6.0,7.0,4.5
2021,SVN,Slovenia,5.133500726001455,6.0,5.0
2022,SVN,Slovenia,5.133500726001455,6.0,5.0
2023,SVN,Slovenia,5.133500726001455,6.0,5.0
2024,SVN,Slovenia,5.132758094496003,7.0,4.0
2006,SWE,Sweden,1.0,1.0,
2007,SWE,Sweden,1.0,1.0,
2008,SWE,Sweden,1.0,1.0,
2009,SWE,Sweden,1.0,1.0,
2010,SWE,Sweden,1.0,1.0,
2011,SWE,Sweden,1.0,1.0,
2012,SWE,Sweden,1.0,1.0,
2013,SWE,Sweden,1.0,1.0,
2014,SWE,Sweden,1.0,1.0,
2015,SWE,Sweden,1.0,1.0,
2016,SWE,Sweden,1.0,1.0,
2017,SWE,Sweden,1.0,1.0,
2018,SWE,Sweden,1.0,1.0,
2019,SWE,Sweden,1.0,1.0,
2020,SWE,Sweden,1.0,1.0,
2021,SWE,Sweden,1.0,1.0,
2022,SWE,Sweden,1.0,1.0,
2023,SWE,Sweden,1.0,1.0,
2024,SWE,Sweden,1.0,1.0,
2006,THA,Thailand,8.0,8.0,
2007,THA,Thailand,8.0,8.0,
2008,THA,Thailand,8.0,8.0,
2009,THA,Thailand,9.0,8.0,
2010,THA,Thailand,9.0,8.0,
2011,THA,Thailand,9.0,8.0,
2012,THA,Thailand,9.0,8.0,
2013,THA,Thailand,8.0,8.0,
2014,THA,Thailand,8.0,8.0,
2015,THA,Thailand,8.0,8.0,
2016,THA,Thailand,8.0,8.0,
2017,THA,Thailand,8.0,8.0,
2018,THA,Thailand,8.0,8.0,
2019,THA,Thailand,8.0,8.0,
2020,THA,Thailand,8.0,8.0,
2021,THA,Thailand,8.266666666666667,8.0,
2022,THA,Thailand,8.266666666666667,8.0,
2023,THA,Thailand,8.266666666666667,8.0,
2024,THA,Thailand,8.266666666666667,8.0,
2006,TTO,Trinidad and Tobago,,8.0,5.926010972267848
2007,TTO,Trinidad and Tobago,,8.0,5.926010972267848
2008,TTO,Trinidad and Tobago,,8.0,6.0
2009,TTO,Trinidad and Tobago,,8.287491657517474,6.125
2010,TTO,Trinidad and Tobago,,8.406106730909137,6.25
2011,TTO,Trinidad and Tobago,,9.834917552260386,7.754271127632336
2012,TTO,Trinidad and Tobago,,9.834917552260386,7.754271127632336
2013,TTO,Trinidad and Tobago,,8.0,5.926010972267848
2014,TTO,Trinidad and Tobago,,8.5,6.424196886155997
2015,TTO,Trinidad and Tobago,,9.0,6.922382800044144
2016,TTO,Trinidad and Tobago,,9.0,7.0
2017,TTO,Trinidad and Tobago,,11.0,8.0
2018,TTO,Trinidad and Tobago,,11.0,8.5
2019,TTO,Trinidad and Tobago,,11.0,9.0
2020,TTO,Trinidad and Tobago,,11.0,10.0
2021,TTO,Trinidad and Tobago,,12.0,10.0
2022,TTO,Trinidad and Tobago,,12.0,10.0
2023,TTO,Trinidad and Tobago,,12.0,9.911498283373032
2024,TTO,Trinidad and Tobago,,12.0,9.911498283373032
2006,TUN,Tunisia,14.01773734886268,14.107142857142854,14.422807973296836
2007,TUN,Tunisia,14.01773734886268,14.107142857142854,14.422807973296836
2008,TUN,Tunisia,14.01773734886268,14.107142857142854,14.422807973296836
2009,TUN,Tunisia,14.01773734886268,14.107142857142854,14.422807973296836
2010,TUN,Tunisia,14.01773734886268,14.107142857142854,14.422807973296836
2011,TUN,Tunisia,9.0,10.0,10.0
2012,TUN,Tunisia,10.0,10.5,12.0
2013,TUN,Tunisia,13.0,11.0,13.0
2014,TUN,Tunisia,13.0,12.0,13.302389590733698
2015,TUN,Tunisia,13.0,13.0,13.582494682350998
2016,TUN,Tunisia,13.0,13.0,13.582494682350998
2017,TUN,Tunisia,14.0,14.0,14.383556325385904
2018,TUN,Tunisia,14.0,15.0,14.663661417003205
2019,TUN,Tunisia,14.0,15.0,14.663661417003205
2020,TUN,Tunisia,14.0,15.0,14.663661417003205
2021,TUN,Tunisia,16.0,16.0,15.98567961145572
2022,TUN,Tunisia,18.0,17.0,17.307697805908234
2023,TUN,Tunisia,17.62416144203879,18.0,17.392007338480294
2024,TUN,Tunisia,17.62416144203879,18.0,17.392007338480294
2006,TUR,Trkiye,11.892559550947796,12.97590656316217,12.944204113020138
2007,TUR,Trkiye,13.0,14.688772712306388,13.831891344787508
2008,TUR,Trkiye,13.0,14.688772712306388,13.831891344787508
2009,TUR,Trkiye,13.0,14.688772712306388,13.831891344787508
2010,TUR,Trkiye,11.0,12.0,12.0
2011,TUR,Trkiye,11.0,11.5,11.666666666666666
2012,TUR,Trkiye,11.0,11.0,11.333333333333334
2013,TUR,Trkiye,10.0,10.0,11.0
2014,TUR,Trkiye,10.0,10.0,11.333333333333334
2015,TUR,Trkiye,10.0,10.0,11.666666666666666
2016,TUR,Trkiye,10.0,10.0,12.0
2017,TUR,Trkiye,11.0,11.0,12.5
2018,TUR,Trkiye,11.0,12.0,13.0
2019,TUR,Trkiye,12.0,14.0,13.333333333333334
2020,TUR,Trkiye,13.0,15.0,13.666666666666666
2021,TUR,Trkiye,13.5,15.0,14.0
2022,TUR,Trkiye,14.0,16.0,15.0
2023,TUR,Trkiye,13.832096118998589,16.0,15.0
2024,TUR,Trkiye,13.7339757980618,16.0,14.0
2006,TWN,Taiwan,4.609775732685639,4.0,2.4699211584489964
2007,TWN,Taiwan,4.609775732685639,4.0,2.4699211584489964
2008,TWN,Taiwan,4.609775732685639,4.0,2.4699211584489964
2009,TWN,Taiwan,5.0,4.0,2.341425714699635
2010,TWN,Taiwan,5.0,4.0,2.341425714699635
2011,TWN,Taiwan,5.0,4.0,2.341425714699635
2012,TWN,Taiwan,5.0,4.0,2.341425714699635
2013,TWN,Taiwan,5.0,4.0,2.341425714699635
2014,TWN,Taiwan,5.0,4.0,2.341425714699635
2015,TWN,Taiwan,5.0,4.0,2.341425714699635
2016,TWN,Taiwan,5.0,4.0,2.341425714699635
2017,TWN,Taiwan,4.0,4.0,2.6707118573419293
2018,TWN,Taiwan,4.0,4.0,2.6707118573419293
2019,TWN,Taiwan,4.0,4.0,2.6707118573419293
2020,TWN,Taiwan,3.5,4.0,2.8353549286630764
2021,TWN,Taiwan,3.0,4.0,3.0
2022,TWN,Taiwan,6.036860257598966,4.0,2.0
2023,TWN,Taiwan,4.609775732685639,4.0,2.4699211584489964
2024,TWN,Taiwan,4.609775732685639,4.0,2.4699211584489964
2006,UKR,Ukraine,13.0,14.208684567970527,12.90279409497051
2007,UKR,Ukraine,13.0,14.208684567970527,12.90279409497051
2008,UKR,Ukraine,13.0,14.0,12.670683421604268
2009,UKR,Ukraine,15.0,15.0,13.70840623984908
2010,UKR,Ukraine,16.0,15.333333333333334,14.0
2011,UKR,Ukraine,15.0,15.666666666666666,14.5
2012,UKR,Ukraine,15.0,16.0,15.0
2013,UKR,Ukraine,15.0,17.0,16.0
2014,UKR,Ukraine,16.0,18.0,17.0
2015,UKR,Ukraine,20.0,20.0,20.0
2016,UKR,Ukraine,18.0,19.0,18.75
2017,UKR,Ukraine,16.0,18.0,17.5
2018,UKR,Ukraine,16.0,17.0,15.895651724685871
2019,UKR,Ukraine,16.0,17.0,15.0
2020,UKR,Ukraine,15.0,16.0,15.333333333333334
2021,UKR,Ukraine,16.5,17.0,15.666666666666666
2022,UKR,Ukraine,18.0,18.0,16.0
2023,UKR,Ukraine,18.96597851425716,20.0,18.0
2024,UKR,Ukraine,19.499286677533952,20.547724355700467,20.0
2006,URY,Uruguay,14.0,14.0,15.010707776612673
2007,URY,Uruguay,13.0,13.666666666666666,15.31496783045266
2008,URY,Uruguay,13.0,13.333333333333334,14.649704759492549
2009,URY,Uruguay,13.0,13.0,13.984441688532437
2010,URY,Uruguay,12.0,11.0,10.96238638757186
2011,URY,Uruguay,11.0,10.5,11.0
2012,URY,Uruguay,11.0,10.0,10.0
2013,URY,Uruguay,10.0,9.5,9.666666666666666
2014,URY,Uruguay,10.0,9.0,9.333333333333334
2015,URY,Uruguay,10.0,9.0,9.0
2016,URY,Uruguay,10.0,9.0,8.875
2017,URY,Uruguay,10.0,9.0,8.75
2018,URY,Uruguay,10.0,9.0,8.909854211411394
2019,URY,Uruguay,10.0,9.0,8.909854211411394
2020,URY,Uruguay,10.0,9.0,8.909854211411394
2021,URY,Uruguay,10.079300886319444,9.0,8.83297016830755
2022,URY,Uruguay,10.079300886319444,9.0,8.83297016830755
2023,URY,Uruguay,10.724227264281836,9.0,8.0
2024,URY,Uruguay,9.36384814357289,8.0,7.530828934221654
2006,USA,United States,1.0,1.0,2.0
2007,USA,United States,1.0,1.0,2.0
2008,USA,United States,1.0,1.0,2.0
2009,USA,United States,1.0,1.0,2.0
2010,USA,United States,1.0,1.0,2.0
2011,USA,United States,1.0,1.0,2.0
2012,USA,United States,1.0,1.0,2.0
2013,USA,United States,1.0,1.0,2.0
2014,USA,United States,1.0,1.0,2.0
2015,USA,United States,1.0,1.0,2.0
2016,USA,United States,1.0,1.0,2.0
2017,USA,United States,1.0,1.0,2.0
2018,USA,United States,1.0,1.0,2.0
2019,USA,United States,1.0,1.0,2.0
2020,USA,United States,1.0,1.0,2.0
2021,USA,United States,1.0,1.0,2.0
2022,USA,United States,1.0,1.0,2.0
2023,USA,United States,1.0,1.0,2.0
2024,USA,United States,1.0,1.0,2.0
2006,VCT,Saint Vincent and the Grenadines,,,
2007,VCT,Saint Vincent and the Grenadines,,14.0,
2008,VCT,Saint Vincent and the Grenadines,,14.2,
2009,VCT,Saint Vincent and the Grenadines,,14.4,
2010,VCT,Saint Vincent and the Grenadines,,14.6,
2011,VCT,Saint Vincent and the Grenadines,,14.8,
2012,VCT,Saint Vincent and the Grenadines,,15.0,
2013,VCT,Saint Vincent and the Grenadines,,15.5,
2014,VCT,Saint Vincent and the Grenadines,,16.0,
2015,VCT,Saint Vincent and the Grenadines,,16.0,
2016,VCT,Saint Vincent and the Grenadines,,16.0,
2017,VCT,Saint Vincent and the Grenadines,,16.0,
2018,VCT,Saint Vincent and the Grenadines,,16.0,
2019,VCT,Saint Vincent and the Grenadines,,16.0,
2020,VCT,Saint Vincent and the Grenadines,,16.0,
2021,VCT,Saint Vincent and the Grenadines,,16.0,
2022,VCT,Saint Vincent and the Grenadines,,16.0,
2023,VCT,Saint Vincent and the Grenadines,,16.0,
2024,VCT,Saint Vincent and the Grenadines,,16.0,
2006,VEN,Venezuela,15.66666666666667,16.740807429350163,14.5
2007,VEN,Venezuela,13.0,14.530391609966545,14.5
2008,VEN,Venezuela,14.0,15.0,14.5
2009,VEN,Venezuela,14.0,15.0,14.5
2010,VEN,Venezuela,14.0,15.0,14.5
2011,VEN,Venezuela,14.0,15.0,14.0
2012,VEN,Venezuela,14.0,15.3592975422354,14.5
2013,VEN,Venezuela,14.0,15.0,15.0
2014,VEN,Venezuela,15.0,17.0,14.5
2015,VEN,Venezuela,18.0,19.0,14.5
2016,VEN,Venezuela,18.0,19.0,14.5
2017,VEN,Venezuela,18.0,20.0,14.5
2018,VEN,Venezuela,22.0,21.0,14.5
2019,VEN,Venezuela,15.66666666666667,16.740807429350163,14.5
2020,VEN,Venezuela,15.66666666666667,16.740807429350163,14.5
2021,VEN,Venezuela,15.66666666666667,16.740807429350163,14.5
2022,VEN,Venezuela,15.66666666666667,16.740807429350163,14.5
2023,VEN,Venezuela,15.66666666666667,16.740807429350163,14.5
2024,VEN,Venezuela,15.66666666666667,16.740807429350163,14.5
2006,ZAF,South Africa,9.811965099214063,9.304414307572312,10.731935396401315
2007,ZAF,South Africa,8.0,7.489728768150853,8.78055026030229
2008,ZAF,South Africa,8.0,7.489728768150853,8.78055026030229
2009,ZAF,South Africa,8.0,7.0,8.542657289341799
2010,ZAF,South Africa,8.0,7.333333333333333,8.70457887153973
2011,ZAF,South Africa,8.0,7.666666666666667,8.866500453737665
2012,ZAF,South Africa,8.0,8.0,9.0
2013,ZAF,South Africa,9.0,8.0,9.5
2014,ZAF,South Africa,9.0,9.0,10.0
2015,ZAF,South Africa,9.0,9.0,10.333333333333334
2016,ZAF,South Africa,10.0,9.0,10.666666666666666
2017,ZAF,South Africa,11.0,9.0,11.0
2018,ZAF,South Africa,11.0,10.0,11.666666666666666
2019,ZAF,South Africa,11.0,10.0,12.333333333333334
2020,ZAF,South Africa,12.0,11.0,13.0
2021,ZAF,South Africa,11.804800114691677,11.5,13.0
2022,ZAF,South Africa,11.603523890387171,12.0,13.0
2023,ZAF,South Africa,11.603523890387171,12.0,13.0
2024,ZAF,South Africa,11.603523890387171,12.0,13.0
2006,ZMB,Zambia,,11.500929878790028,12.266398056869097
2007,ZMB,Zambia,,11.500929878790028,12.266398056869097
2008,ZMB,Zambia,,11.500929878790028,12.266398056869097
2009,ZMB,Zambia,,11.500929878790028,12.266398056869097
2010,ZMB,Zambia,,10.756974090925212,10.0
2011,ZMB,Zambia,,10.0,10.0
2012,ZMB,Zambia,,10.0,10.0
2013,ZMB,Zambia,,10.0,10.0
2014,ZMB,Zambia,,10.756974090925212,10.0
2015,ZMB,Zambia,,10.0,10.0
2016,ZMB,Zambia,,10.0,10.0
2017,ZMB,Zambia,,11.0,10.0
2018,ZMB,Zambia,,11.0,11.0
2019,ZMB,Zambia,,12.0,12.0
2020,ZMB,Zambia,,12.0,20.0
2021,ZMB,Zambia,,13.0,16.5
2022,ZMB,Zambia,,14.0,13.0
2023,ZMB,Zambia,,14.0,15.74798542651825
2024,ZMB,Zambia,,14.0,15.74798542651825
