Alpha3,Country,Year,Fitch,Moody,S&P
AGO,Angola,2006,14.502156611123691,14.166666666666677,15.2563445584831
AGO,Angola,2007,14.502156611123691,14.166666666666677,15.2563445584831
AGO,Angola,2008,14.502156611123691,14.166666666666677,15.2563445584831
AGO,Angola,2009,14.502156611123691,14.166666666666677,15.2563445584831
AGO,Angola,2010,14.0,14.0,14.734496109916757
AGO,Angola,2011,13.0,13.0,13.0
AGO,Angola,2012,13.0,12.666666666666666,13.25
AGO,Angola,2013,13.0,12.333333333333334,13.5
AGO,Angola,2014,13.0,12.0,13.658553658230623
AGO,Angola,2015,13.0,12.0,14.0
AGO,Angola,2016,14.0,12.0,15.0
AGO,Angola,2017,15.0,14.0,16.0
AGO,Angola,2018,15.0,15.0,16.333333333333332
AGO,Angola,2019,15.0,15.5,16.666666666666668
AGO,Angola,2020,16.0,16.0,17.0
AGO,Angola,2021,16.0,16.0,16.5
AGO,Angola,2022,16.0,16.0,16.0
AGO,Angola,2023,15.76617458342762,16.0,16.60105930454948
AGO,Angola,2024,15.76617458342762,16.0,16.60105930454948
ALB,Albania,2006,,14.0,14.181818181818182
ALB,Albania,2007,,14.0,14.181818181818182
ALB,Albania,2008,,14.0,14.181818181818182
ALB,Albania,2009,,14.0,14.181818181818182
ALB,Albania,2010,,14.0,14.0
ALB,Albania,2011,,14.0,14.333333333333334
ALB,Albania,2012,,14.0,14.666666666666666
ALB,Albania,2013,,14.0,15.0
ALB,Albania,2014,,14.0,14.666666666666666
ALB,Albania,2015,,14.0,14.333333333333334
ALB,Albania,2016,,14.0,14.0
ALB,Albania,2017,,14.0,14.0
ALB,Albania,2018,,14.0,14.0
ALB,Albania,2019,,14.0,14.181818181818182
ALB,Albania,2020,,14.0,14.181818181818182
ALB,Albania,2021,,14.0,14.181818181818182
ALB,Albania,2022,,14.0,14.181818181818182
ALB,Albania,2023,,14.0,14.0
ALB,Albania,2024,,14.0,13.0
ARE,United Arab Emirates,2006,0.5090970100275118,4.0,3.0
ARE,United Arab Emirates,2007,3.0,3.0,3.0
ARE,United Arab Emirates,2008,3.0,3.0,3.0
ARE,United Arab Emirates,2009,3.0,3.0,3.0
ARE,United Arab Emirates,2010,3.392602010517185,3.1024460666475107,3.0
ARE,United Arab Emirates,2011,3.0,3.148316626601536,3.0
ARE,United Arab Emirates,2012,3.0,3.148316626601536,3.0
ARE,United Arab Emirates,2013,3.0,3.148316626601536,3.0
ARE,United Arab Emirates,2014,3.0,3.148316626601536,3.0
ARE,United Arab Emirates,2015,3.0,3.148316626601536,3.0
ARE,United Arab Emirates,2016,3.0,3.0,3.0
ARE,United Arab Emirates,2017,3.0,3.0,3.0
ARE,United Arab Emirates,2018,6.0,3.0,3.0
ARE,United Arab Emirates,2019,6.0,3.0,3.0
ARE,United Arab Emirates,2020,4.0,3.0,3.0
ARE,United Arab Emirates,2021,3.721712389588223,3.0,3.0
ARE,United Arab Emirates,2022,3.721712389588223,3.0,3.0
ARE,United Arab Emirates,2023,3.721712389588223,3.0,3.0
ARE,United Arab Emirates,2024,3.392602010517185,3.1024460666475107,3.0
ARG,Argentina,2006,13.0,12.0,15.761784282509822
ARG,Argentina,2007,13.0,12.625,15.99361504430492
ARG,Argentina,2008,12.0,13.25,16.56593934590929
ARG,Argentina,2009,13.0,14.565280725576628,16.711828172042104
ARG,Argentina,2010,15.0,13.437758286429125,15.0
ARG,Argentina,2011,15.0,13.810358900128351,15.5
ARG,Argentina,2012,15.0,14.182959513827578,16.0
ARG,Argentina,2013,13.0,14.780026725472508,17.0
ARG,Argentina,2014,13.0,17.0,19.0
ARG,Argentina,2015,14.0,13.0,17.5
ARG,Argentina,2016,14.0,14.0,16.0
ARG,Argentina,2017,14.0,16.0,15.0
ARG,Argentina,2018,14.0,14.0,15.0
ARG,Argentina,2019,14.0,13.0,16.0
ARG,Argentina,2020,13.0,20.0,19.0
ARG,Argentina,2021,16.0,13.0,14.0
ARG,Argentina,2022,19.0,13.0,14.0
ARG,Argentina,2023,21.0,13.0,14.0
ARG,Argentina,2024,12.647245685608734,15.499100496288383,18.0
ARM,Armenia,2006,13.187576774152864,12.0,14.0
ARM,Armenia,2007,13.232003589733228,12.11111111111111,14.0
ARM,Armenia,2008,13.276430405313596,12.22222222222222,14.0
ARM,Armenia,2009,13.57371270094832,12.965722870426076,14.0
ARM,Armenia,2010,13.57371270094832,12.965722870426076,14.0
ARM,Armenia,2011,13.57371270094832,12.965722870426076,14.0
ARM,Armenia,2012,13.57371270094832,12.965722870426076,14.0
ARM,Armenia,2013,13.57371270094832,12.965722870426076,14.0
ARM,Armenia,2014,13.0,12.221063982205685,14.0
ARM,Armenia,2015,14.0,13.0,14.0
ARM,Armenia,2016,14.0,14.0,14.0
ARM,Armenia,2017,14.0,14.0,14.0
ARM,Armenia,2018,14.0,14.0,14.0
ARM,Armenia,2019,14.0,13.0,14.0
ARM,Armenia,2020,13.0,13.0,14.0
ARM,Armenia,2021,13.587418114376169,13.0,14.0
ARM,Armenia,2022,13.587418114376169,13.0,14.0
ARM,Armenia,2023,13.587418114376169,13.0,14.0
ARM,Armenia,2024,13.57371270094832,12.965722870426076,14.0
AUS,Australia,2006,1.5412468132662949,1.5198934023483508,1.7419888558940106
AUS,Australia,2007,1.5412468132662949,1.5198934023483508,1.7419888558940106
AUS,Australia,2008,1.5412468132662949,1.5198934023483508,1.7419888558940106
AUS,Australia,2009,1.5412468132662949,1.5198934023483508,1.7419888558940106
AUS,Australia,2010,1.5412468132662949,1.5198934023483508,1.7419888558940106
AUS,Australia,2011,1.0,1.1208902699386734,1.8393835050099092
AUS,Australia,2012,1.0,1.43918882821544,2.0
AUS,Australia,2013,1.0,1.2184285347227697,1.8888888888888888
AUS,Australia,2014,1.0,1.0,1.7777777777777777
AUS,Australia,2015,2.0,1.0,1.2269948716767276
AUS,Australia,2016,2.0,2.0,1.730959787832567
AUS,Australia,2017,2.0,2.0,1.730959787832567
AUS,Australia,2018,2.0,2.0,1.730959787832567
AUS,Australia,2019,2.0,2.0,1.730959787832567
AUS,Australia,2020,2.0,2.0,1.730959787832567
AUS,Australia,2021,2.868756489035317,1.5,1.0
AUS,Australia,2022,0.5984823221148816,1.0,2.0
AUS,Australia,2023,1.5117342524630375,2.0,2.0
AUS,Australia,2024,0.5984823221148816,1.0,2.0
AUT,Austria,2006,1.683204100493063,1.090313854086449,1.7895807371475083
AUT,Austria,2007,1.683204100493063,1.090313854086449,1.7895807371475083
AUT,Austria,2008,1.683204100493063,1.090313854086449,1.7895807371475083
AUT,Austria,2009,1.683204100493063,1.090313854086449,1.7895807371475083
AUT,Austria,2010,1.683204100493063,1.090313854086449,1.7895807371475083
AUT,Austria,2011,2.0,1.091526429614582,1.7167108249024854
AUT,Austria,2012,1.0,1.1154047579077262,2.0
AUT,Austria,2013,1.0,1.057462769687994,1.8888888888888888
AUT,Austria,2014,1.0,1.0,1.7777777777777777
AUT,Austria,2015,1.0,1.0,1.7784588047493264
AUT,Austria,2016,1.0,1.0,1.7784588047493264
AUT,Austria,2017,1.0,1.0,1.7784588047493264
AUT,Austria,2018,1.0,1.0,1.7784588047493264
AUT,Austria,2019,1.0,1.0,1.7784588047493264
AUT,Austria,2020,1.0,1.0,1.7784588047493264
AUT,Austria,2021,4.280122372227549,1.0,1.0
AUT,Austria,2022,0.0672863911328156,1.0,2.0
AUT,Austria,2023,8.150162252409864,2.0,2.0
AUT,Austria,2024,0.0672863911328156,1.0,2.0
AZE,Azerbaijan,2006,10.657432240119894,11.0,10.708380866492522
AZE,Azerbaijan,2007,11.0,10.833333333333334,11.15265083152727
AZE,Azerbaijan,2008,10.666666666666666,10.666666666666666,11.0
AZE,Azerbaijan,2009,10.333333333333334,10.188729681445867,10.666666666666666
AZE,Azerbaijan,2010,10.0,9.968996489474748,10.333333333333334
AZE,Azerbaijan,2011,10.0,10.663482457042589,10.0
AZE,Azerbaijan,2012,10.0,10.0,10.2
AZE,Azerbaijan,2013,10.0,10.0,10.4
AZE,Azerbaijan,2014,10.0,10.0,10.312938406304555
AZE,Azerbaijan,2015,10.0,10.0,10.312938406304555
AZE,Azerbaijan,2016,11.0,11.0,11.0
AZE,Azerbaijan,2017,11.0,11.0,11.0
AZE,Azerbaijan,2018,11.0,11.5,11.0
AZE,Azerbaijan,2019,11.0,12.0,10.748542439859753
AZE,Azerbaijan,2020,11.0,12.0,10.748542439859753
AZE,Azerbaijan,2021,11.22090457318016,12.0,11.0
AZE,Azerbaijan,2022,10.657432240119894,11.0,10.708380866492522
AZE,Azerbaijan,2023,10.657432240119894,11.0,10.708380866492522
AZE,Azerbaijan,2024,10.657432240119894,11.0,10.708380866492522
BEL,Belgium,2006,2.0,4.0,3.0
BEL,Belgium,2007,2.0,4.0,3.0
BEL,Belgium,2008,2.0,4.0,3.0
BEL,Belgium,2009,3.0,4.0,3.0
BEL,Belgium,2010,3.0,4.0,3.0
BEL,Belgium,2011,2.0,4.0,3.0
BEL,Belgium,2012,3.0,4.0,3.0
BEL,Belgium,2013,3.0,4.0,3.0
BEL,Belgium,2014,3.0,4.0,3.0
BEL,Belgium,2015,3.0,4.0,3.0
BEL,Belgium,2016,3.0,4.0,3.0
BEL,Belgium,2017,4.0,4.0,3.0
BEL,Belgium,2018,4.0,4.0,3.0
BEL,Belgium,2019,4.0,4.0,3.0
BEL,Belgium,2020,4.0,4.0,3.0
BEL,Belgium,2021,3.0,4.0,3.0
BEL,Belgium,2022,3.0,4.0,3.0
BEL,Belgium,2023,3.0,4.0,3.0
BEL,Belgium,2024,3.0,4.0,3.0
BGD,Bangladesh,2006,13.0,13.21428571428571,13.044160919815887
BGD,Bangladesh,2007,13.0,13.21428571428571,13.044160919815887
BGD,Bangladesh,2008,13.0,13.21428571428571,13.044160919815887
BGD,Bangladesh,2009,13.0,13.21428571428571,13.044160919815887
BGD,Bangladesh,2010,13.0,13.0,13.0
BGD,Bangladesh,2011,13.0,13.0,13.0
BGD,Bangladesh,2012,13.0,13.0,13.0
BGD,Bangladesh,2013,13.0,13.21428571428571,13.044160919815887
BGD,Bangladesh,2014,13.0,13.0,12.95758365304694
BGD,Bangladesh,2015,13.0,13.0,12.95758365304694
BGD,Bangladesh,2016,13.0,13.0,12.95758365304694
BGD,Bangladesh,2017,13.0,13.0,12.95758365304694
BGD,Bangladesh,2018,13.0,13.0,12.95758365304694
BGD,Bangladesh,2019,13.0,13.0,12.95758365304694
BGD,Bangladesh,2020,13.0,13.0,12.95758365304694
BGD,Bangladesh,2021,13.0,13.0,12.95758365304694
BGD,Bangladesh,2022,13.0,13.0,12.95758365304694
BGD,Bangladesh,2023,13.0,14.0,13.0
BGD,Bangladesh,2024,13.0,15.0,14.0
BGR,Bulgaria,2006,9.637724870616548,10.0,10.009978174484154
BGR,Bulgaria,2007,9.640007438355507,9.8,9.931190287356198
BGR,Bulgaria,2008,9.0,9.6,9.0
BGR,Bulgaria,2009,10.0,7.773630780338256,9.166666666666666
BGR,Bulgaria,2010,10.0,8.050716398590753,9.333333333333334
BGR,Bulgaria,2011,10.0,9.0,9.857034464536856
BGR,Bulgaria,2012,10.0,9.0,9.857034464536856
BGR,Bulgaria,2013,10.0,9.0,9.857034464536856
BGR,Bulgaria,2014,10.0,9.159058871600733,10.0
BGR,Bulgaria,2015,10.0,9.0,10.0
BGR,Bulgaria,2016,10.0,9.0,10.0
BGR,Bulgaria,2017,10.0,9.0,10.0
BGR,Bulgaria,2018,9.0,9.0,9.5
BGR,Bulgaria,2019,9.0,9.0,9.0
BGR,Bulgaria,2020,9.0,8.0,9.0
BGR,Bulgaria,2021,9.444977729476522,8.0,9.0
BGR,Bulgaria,2022,9.660550548006167,8.0,9.222099303204606
BGR,Bulgaria,2023,9.444977729476522,8.0,9.0
BGR,Bulgaria,2024,9.657124350885065,8.799078113918316,9.540798397703078
BHR,Bahrain,2006,7.0,7.0,8.258154660946431
BHR,Bahrain,2007,6.0,6.0,7.534313230626073
BHR,Bahrain,2008,6.0,6.333333333333333,7.789121552147296
BHR,Bahrain,2009,6.0,6.666666666666667,8.043929873668517
BHR,Bahrain,2010,6.8445013780092285,7.0,8.264465344596783
BHR,Bahrain,2011,6.0,8.0,9.0
BHR,Bahrain,2012,9.0,8.5,9.25
BHR,Bahrain,2013,9.0,9.0,9.5
BHR,Bahrain,2014,9.0,9.5,10.088050003868982
BHR,Bahrain,2015,10.0,10.0,10.0
BHR,Bahrain,2016,11.0,11.0,12.0
BHR,Bahrain,2017,11.0,14.0,14.0
BHR,Bahrain,2018,13.0,15.0,14.0
BHR,Bahrain,2019,13.0,15.0,14.0
BHR,Bahrain,2020,14.0,15.0,14.089469637752613
BHR,Bahrain,2021,13.18797599491542,15.0,14.0
BHR,Bahrain,2022,13.18797599491542,15.0,14.0
BHR,Bahrain,2023,13.18797599491542,15.0,14.0
BHR,Bahrain,2024,13.197624310378112,15.0,14.122032879028378
BHS,Bahamas,2006,,9.432168671509736,10.786179121182291
BHS,Bahamas,2007,,9.432168671509736,10.786179121182291
BHS,Bahamas,2008,,9.432168671509736,10.786179121182291
BHS,Bahamas,2009,,6.691668298529802,8.0
BHS,Bahamas,2010,,7.183453800378789,8.5
BHS,Bahamas,2011,,7.675239302227776,9.0
BHS,Bahamas,2012,,8.0,9.25
BHS,Bahamas,2013,,8.5,9.5
BHS,Bahamas,2014,,9.0,10.35911210031727
BHS,Bahamas,2015,,9.0,10.0
BHS,Bahamas,2016,,9.0,11.0
BHS,Bahamas,2017,,10.0,11.25
BHS,Bahamas,2018,,10.0,11.5
BHS,Bahamas,2019,,10.0,11.347307332917328
BHS,Bahamas,2020,,10.0,12.0
BHS,Bahamas,2021,,13.0,14.0
BHS,Bahamas,2022,,14.0,15.30008826331756
BHS,Bahamas,2023,,9.432168671509736,10.786179121182291
BHS,Bahamas,2024,,9.432168671509736,10.786179121182291
BIH,Bosnia and Herzegovina,2006,,15.0,13.494281730938155
BIH,Bosnia and Herzegovina,2007,,15.166666666666666,13.744972996440024
BIH,Bosnia and Herzegovina,2008,,15.333333333333334,14.0
BIH,Bosnia and Herzegovina,2009,,15.561219277765671,14.333333333333334
BIH,Bosnia and Herzegovina,2010,,15.781439842246751,14.666666666666666
BIH,Bosnia and Herzegovina,2011,,16.001660406727837,15.0
BIH,Bosnia and Herzegovina,2012,,16.0,15.0
BIH,Bosnia and Herzegovina,2013,,16.0,15.0
BIH,Bosnia and Herzegovina,2014,,16.0,14.99842932394936
BIH,Bosnia and Herzegovina,2015,,15.824684418152238,14.73472881349569
BIH,Bosnia and Herzegovina,2016,,16.0,14.99842932394936
BIH,Bosnia and Herzegovina,2017,,16.0,14.99842932394936
BIH,Bosnia and Herzegovina,2018,,16.0,14.99842932394936
BIH,Bosnia and Herzegovina,2019,,16.0,14.99842932394936
BIH,Bosnia and Herzegovina,2020,,16.0,14.99842932394936
BIH,Bosnia and Herzegovina,2021,,16.0,14.99842932394936
BIH,Bosnia and Herzegovina,2022,,16.0,14.99842932394936
BIH,Bosnia and Herzegovina,2023,,16.0,15.0
BIH,Bosnia and Herzegovina,2024,,16.0,14.99842932394936
BLR,Belarus,2006,15.67292563325129,16.328124999999996,16.01127237050385
BLR,Belarus,2007,14.338860454401232,14.0,15.089743682903052
BLR,Belarus,2008,14.482115775620032,14.25,15.188699783585015
BLR,Belarus,2009,14.62537109683883,14.5,15.28765588426698
BLR,Belarus,2010,15.67292563325129,16.328124999999996,16.01127237050385
BLR,Belarus,2011,14.964449004788184,15.0,16.0
BLR,Belarus,2012,15.213705127005657,15.5,15.833333333333334
BLR,Belarus,2013,15.46296124922313,16.0,15.666666666666666
BLR,Belarus,2014,15.771413666589217,16.5,16.0793046897227
BLR,Belarus,2015,16.057924309026816,17.0,16.27721689108663
BLR,Belarus,2016,16.0,17.0,16.270200108985108
BLR,Belarus,2017,16.0,16.5,15.0
BLR,Belarus,2018,15.0,16.0,15.6
BLR,Belarus,2019,15.0,16.0,16.2
BLR,Belarus,2020,15.0,16.0,15.822557364178868
BLR,Belarus,2021,16.5,16.0,16.004465021335175
BLR,Belarus,2022,18.0,20.0,18.0
BLR,Belarus,2023,18.350009448527587,21.0,17.860514501998072
BLR,Belarus,2024,15.67292563325129,16.328124999999996,16.01127237050385
BLZ,Belize,2006,,16.97222222222222,17.07507337976043
BLZ,Belize,2007,,17.0,17.07505926826804
BLZ,Belize,2008,,16.5,17.075313275131066
BLZ,Belize,2009,,16.0,17.075567281994097
BLZ,Belize,2010,,16.333333333333332,17.07539794408541
BLZ,Belize,2011,,16.666666666666668,16.0
BLZ,Belize,2012,,17.0,16.0
BLZ,Belize,2013,,18.0,16.0
BLZ,Belize,2014,,18.0,16.333333333333332
BLZ,Belize,2015,,18.0,16.666666666666668
BLZ,Belize,2016,,17.0,17.0
BLZ,Belize,2017,,16.0,17.25
BLZ,Belize,2018,,16.0,17.5
BLZ,Belize,2019,,16.0,17.075567281994097
BLZ,Belize,2020,,17.0,18.0
BLZ,Belize,2021,,17.5,20.0
BLZ,Belize,2022,,18.0,17.074551254541984
BLZ,Belize,2023,,17.5,17.07480526140501
BLZ,Belize,2024,,17.0,17.07505926826804
BOL,Bolivia,2006,14.324953448876412,14.405986238234744,14.999104516179054
BOL,Bolivia,2007,16.0,16.166655243988615,14.99642519506406
BOL,Bolivia,2008,15.5,15.641097044236766,14.997224970170016
BOL,Bolivia,2009,15.0,15.0,14.998078396624363
BOL,Bolivia,2010,14.0,14.0,14.999654210544197
BOL,Bolivia,2011,14.0,13.5,14.0
BOL,Bolivia,2012,13.0,13.0,13.0
BOL,Bolivia,2013,13.0,13.0,16.0
BOL,Bolivia,2014,13.0,13.0,12.0
BOL,Bolivia,2015,12.0,13.0,18.0
BOL,Bolivia,2016,13.0,13.0,18.5
BOL,Bolivia,2017,13.0,13.0,19.0
BOL,Bolivia,2018,13.0,13.0,13.0
BOL,Bolivia,2019,13.0,13.0,13.5
BOL,Bolivia,2020,15.0,14.0,14.0
BOL,Bolivia,2021,15.333333333333334,15.0,14.0
BOL,Bolivia,2022,15.666666666666666,16.0,15.0
BOL,Bolivia,2023,16.0,17.0,15.0
BOL,Bolivia,2024,18.349162079775432,19.0,14.992498518820357
BRA,Brazil,2006,12.0,12.0,12.431897898723095
BRA,Brazil,2007,12.0,11.0,11.781771215449906
BRA,Brazil,2008,10.0,10.5,10.0
BRA,Brazil,2009,10.0,10.0,9.666666666666666
BRA,Brazil,2010,10.0,9.5,9.333333333333334
BRA,Brazil,2011,9.0,9.0,9.0
BRA,Brazil,2012,9.0,9.0,9.333333333333334
BRA,Brazil,2013,9.0,9.0,9.666666666666666
BRA,Brazil,2014,9.0,9.0,10.0
BRA,Brazil,2015,9.0,10.0,11.0
BRA,Brazil,2016,12.0,12.0,12.0
BRA,Brazil,2017,12.0,12.0,12.5
BRA,Brazil,2018,13.0,12.0,13.0
BRA,Brazil,2019,13.0,12.0,13.0
BRA,Brazil,2020,13.0,12.0,13.0
BRA,Brazil,2021,12.4471135331835,12.0,12.600058628843156
BRA,Brazil,2022,12.4471135331835,12.0,12.600058628843156
BRA,Brazil,2023,12.600411731075004,12.0,13.0
BRA,Brazil,2024,12.4471135331835,12.0,12.600058628843156
BRB,Barbados,2006,,15.05354162370891,14.32271012455651
BRB,Barbados,2007,,15.05354162370891,14.32271012455651
BRB,Barbados,2008,,15.05354162370891,14.32271012455651
BRB,Barbados,2009,,10.0,10.144831631493007
BRB,Barbados,2010,,10.333333333333334,10.0
BRB,Barbados,2011,,10.666666666666666,10.5
BRB,Barbados,2012,,11.0,11.0
BRB,Barbados,2013,,13.0,13.0
BRB,Barbados,2014,,16.0,15.0
BRB,Barbados,2015,,16.5,15.5
BRB,Barbados,2016,,17.0,16.0
BRB,Barbados,2017,,19.0,17.0
BRB,Barbados,2018,,18.0,16.5
BRB,Barbados,2019,,17.0,16.0
BRB,Barbados,2020,,17.0,16.0
BRB,Barbados,2021,,17.0,16.0
BRB,Barbados,2022,,16.5,15.518530361411097
BRB,Barbados,2023,,16.0,16.0
BRB,Barbados,2024,,15.856665979342502,15.0
BWA,Botswana,2006,,6.231601870456803,7.471259388721521
BWA,Botswana,2007,,6.231601870456803,7.471259388721521
BWA,Botswana,2008,,6.231601870456803,7.471259388721521
BWA,Botswana,2009,,6.0,7.382673770480347
BWA,Botswana,2010,,6.0,7.0
BWA,Botswana,2011,,6.0,7.1
BWA,Botswana,2012,,6.01082431593843,7.2
BWA,Botswana,2013,,6.231601870456803,7.471259388721521
BWA,Botswana,2014,,6.231601870456803,7.471259388721521
BWA,Botswana,2015,,6.0,7.382673770480347
BWA,Botswana,2016,,6.0,7.382673770480347
BWA,Botswana,2017,,6.0,7.382673770480347
BWA,Botswana,2018,,6.0,7.382673770480347
BWA,Botswana,2019,,6.0,7.382673770480347
BWA,Botswana,2020,,6.0,8.0
BWA,Botswana,2021,,7.0,8.0
BWA,Botswana,2022,,7.0,7.7651647152488446
BWA,Botswana,2023,,7.0,7.7651647152488446
BWA,Botswana,2024,,6.231601870456803,7.471259388721521
CAN,Canada,2006,9.3947152181023,8.091707209551746,8.600357392999129
CAN,Canada,2007,9.3947152181023,8.091707209551746,8.600357392999129
CAN,Canada,2008,11.0,8.610223081512629,9.1486283995397
CAN,Canada,2009,10.5,8.448799480866837,8.977896850723528
CAN,Canada,2010,10.0,10.0,10.0
CAN,Canada,2011,9.0,9.5,9.5
CAN,Canada,2012,9.0,9.0,9.0
CAN,Canada,2013,9.0,9.0,8.857142857142858
CAN,Canada,2014,9.0,9.0,8.714285714285714
CAN,Canada,2015,9.0,9.0,8.976943711377233
CAN,Canada,2016,9.0,1.0,5.027117218269401
CAN,Canada,2017,9.0,9.0,8.976943711377233
CAN,Canada,2018,9.0,1.0,5.027117218269401
CAN,Canada,2019,9.0,8.0,8.0
CAN,Canada,2020,9.0,8.0,9.0
CAN,Canada,2021,10.0,9.0,9.0
CAN,Canada,2022,9.399651949253403,9.0,9.0
CAN,Canada,2023,9.403798485676663,10.0,9.0
CAN,Canada,2024,9.406708272809023,10.0,10.0
CHE,Switzerland,2006,1.0,1.0,
CHE,Switzerland,2007,1.0,1.0,
CHE,Switzerland,2008,1.0,1.0,
CHE,Switzerland,2009,1.0,1.0,
CHE,Switzerland,2010,1.0,1.0,
CHE,Switzerland,2011,1.0,1.0,
CHE,Switzerland,2012,1.0,1.0,
CHE,Switzerland,2013,1.0,1.0,
CHE,Switzerland,2014,1.0,1.0,
CHE,Switzerland,2015,1.0,1.0,
CHE,Switzerland,2016,1.0,1.0,
CHE,Switzerland,2017,1.0,1.0,
CHE,Switzerland,2018,1.0,1.0,
CHE,Switzerland,2019,1.0,1.0,
CHE,Switzerland,2020,1.0,1.0,
CHE,Switzerland,2021,1.0,1.0,
CHE,Switzerland,2022,1.0,1.0,
CHE,Switzerland,2023,1.0,1.0,
CHE,Switzerland,2024,1.0,1.0,
CHL,Chile,2006,6.69235519020187,6.0,5.850223214671004
CHL,Chile,2007,6.0,5.666666666666667,5.0
CHL,Chile,2008,6.0,5.333333333333333,4.8
CHL,Chile,2009,5.666666666666667,5.0,4.6
CHL,Chile,2010,5.333333333333333,4.0,4.491389281715701
CHL,Chile,2011,5.0,4.0,4.13908233884858
CHL,Chile,2012,5.0,4.0,4.0
CHL,Chile,2013,5.0,4.0,4.2
CHL,Chile,2014,5.0,4.0,4.4
CHL,Chile,2015,5.0,4.0,4.13908233884858
CHL,Chile,2016,5.0,4.0,4.13908233884858
CHL,Chile,2017,6.0,4.0,5.0
CHL,Chile,2018,6.0,5.0,5.25
CHL,Chile,2019,6.0,5.0,5.5
CHL,Chile,2020,6.0,5.0,5.157230880403167
CHL,Chile,2021,6.67956073048973,5.5,6.0
CHL,Chile,2022,6.797982267018538,6.0,6.0
CHL,Chile,2023,6.797982267018538,6.0,6.0
CHL,Chile,2024,6.797982267018538,6.0,6.0
CHN,China,2006,6.0,7.829565664341423,8.03861752791034
CHN,China,2007,5.0,5.0,4.994312562352926
CHN,China,2008,5.0,4.666666666666667,4.730841430287218
CHN,China,2009,5.0,4.333333333333333,4.467370298221509
CHN,China,2010,4.7803374771525,4.0,4.0
CHN,China,2011,5.0,4.0,4.142857142857143
CHN,China,2012,5.0,4.0,4.285714285714286
CHN,China,2013,5.0,4.0,4.203899166155801
CHN,China,2014,5.0,4.0,4.203899166155801
CHN,China,2015,5.0,4.0,4.203899166155801
CHN,China,2016,5.0,4.0,4.203899166155801
CHN,China,2017,5.0,5.0,5.0
CHN,China,2018,5.0,5.0,4.994312562352926
CHN,China,2019,5.0,5.0,4.994312562352926
CHN,China,2020,5.091530862109792,5.0,5.068249211949722
CHN,China,2021,5.091530862109792,5.0,5.068249211949722
CHN,China,2022,5.091530862109792,5.0,5.068249211949722
CHN,China,2023,5.091530862109792,5.0,5.068249211949722
CHN,China,2024,5.063692273643983,4.712753648018956,4.8187184380261785
COL,Colombia,2006,12.0,10.68599119214392,10.18598053979968
COL,Colombia,2007,11.0,10.105796762788408,10.131001953315694
COL,Colombia,2008,11.0,11.0,9.197185229568358
COL,Colombia,2009,11.0,10.666666666666666,9.545285335110089
COL,Colombia,2010,11.0,10.333333333333334,9.893385440651818
COL,Colombia,2011,10.0,10.0,10.0
COL,Colombia,2012,10.0,10.0,9.5
COL,Colombia,2013,10.0,10.0,9.0
COL,Colombia,2014,9.0,9.0,9.25
COL,Colombia,2015,9.0,9.0,9.5
COL,Colombia,2016,9.0,9.0,9.964034237290504
COL,Colombia,2017,9.0,9.0,10.0
COL,Colombia,2018,9.0,9.0,10.25
COL,Colombia,2019,9.0,9.0,10.5
COL,Colombia,2020,10.0,9.0,10.624910050054622
COL,Colombia,2021,11.0,9.0,11.0
COL,Colombia,2022,10.13995751038107,9.0,11.0
COL,Colombia,2023,10.13995751038107,9.0,11.0
COL,Colombia,2024,10.13995751038107,9.0,11.0
CRI,Costa Rica,2006,12.0,12.048709744664995,13.518292842685687
CRI,Costa Rica,2007,11.8,11.790653594121736,13.399769124766728
CRI,Costa Rica,2008,11.6,11.532597443578474,13.281245406847766
CRI,Costa Rica,2009,12.15039630541022,12.242886710131408,13.60745264197945
CRI,Costa Rica,2010,10.653398628785505,10.0,12.639252389393356
CRI,Costa Rica,2011,11.0,10.0,12.728230949258682
CRI,Costa Rica,2012,11.0,10.0,12.728230949258682
CRI,Costa Rica,2013,11.0,10.0,12.728230949258682
CRI,Costa Rica,2014,11.0,11.0,12.988562906407232
CRI,Costa Rica,2015,11.0,11.0,12.988562906407232
CRI,Costa Rica,2016,11.0,11.0,13.0
CRI,Costa Rica,2017,12.0,12.0,13.5
CRI,Costa Rica,2018,12.0,14.0,14.0
CRI,Costa Rica,2019,14.0,14.5,14.5
CRI,Costa Rica,2020,15.0,15.0,15.0
CRI,Costa Rica,2021,14.333333333333334,15.0,15.0
CRI,Costa Rica,2022,13.666666666666666,14.5,15.0
CRI,Costa Rica,2023,13.0,14.0,14.0
CRI,Costa Rica,2024,12.653734868598354,13.0,13.933769131345954
CYP,Cyprus,2006,9.922304519509566,10.583333333333334,9.715648309650064
CYP,Cyprus,2007,4.0,5.0,5.3749076747506255
CYP,Cyprus,2008,4.75,4.0,4.952177983179345
CYP,Cyprus,2009,5.5,4.666666666666667,5.478871436237016
CYP,Cyprus,2010,5.827448810962392,5.333333333333333,5.922787564784385
CYP,Cyprus,2011,7.0,6.0,8.0
CYP,Cyprus,2012,10.0,11.0,11.0
CYP,Cyprus,2013,15.0,19.0,18.0
CYP,Cyprus,2014,16.0,19.0,15.0
CYP,Cyprus,2015,16.0,14.0,13.0
CYP,Cyprus,2016,14.0,14.0,12.0
CYP,Cyprus,2017,13.0,13.0,11.0
CYP,Cyprus,2018,11.0,12.0,10.0
CYP,Cyprus,2019,10.0,12.0,9.75
CYP,Cyprus,2020,10.0,11.5,9.5
CYP,Cyprus,2021,9.666666666666666,11.0,9.90292491474976
CYP,Cyprus,2022,9.333333333333334,11.0,9.0
CYP,Cyprus,2023,9.0,9.0,9.0
CYP,Cyprus,2024,8.524032540209816,9.0,8.0
CZE,Czechia,2006,4.687500015625078,4.687499989583334,4.0
CZE,Czechia,2007,4.687500015625078,4.687499989583334,4.0
CZE,Czechia,2008,5.0,4.99999996666667,4.0
CZE,Czechia,2009,5.0,4.99999996666667,4.0
CZE,Czechia,2010,5.0,4.99999996666667,4.0
CZE,Czechia,2011,5.0,4.99999996666667,4.0
CZE,Czechia,2012,5.0,4.99999996666667,4.0
CZE,Czechia,2013,5.0,5.0,4.0
CZE,Czechia,2014,5.0,5.0,4.0
CZE,Czechia,2015,5.0,5.0,4.0
CZE,Czechia,2016,5.0,5.0,4.0
CZE,Czechia,2017,5.0,5.0,4.0
CZE,Czechia,2018,5.0,5.0,4.0
CZE,Czechia,2019,4.0,4.0,4.0
CZE,Czechia,2020,4.0,4.0,4.0
CZE,Czechia,2021,4.000000083333752,4.0,4.0
CZE,Czechia,2022,4.000000083333752,4.0,4.0
CZE,Czechia,2023,4.000000083333752,4.0,4.0
CZE,Czechia,2024,4.687500015625078,4.687499989583334,4.0
DEU,Germany,2006,1.0,1.0,
DEU,Germany,2007,1.0,1.0,
DEU,Germany,2008,1.0,1.0,
DEU,Germany,2009,1.0,1.0,
DEU,Germany,2010,1.0,1.0,
DEU,Germany,2011,1.0,1.0,
DEU,Germany,2012,1.0,1.0,
DEU,Germany,2013,1.0,1.0,
DEU,Germany,2014,1.0,1.0,
DEU,Germany,2015,1.0,1.0,
DEU,Germany,2016,1.0,1.0,
DEU,Germany,2017,1.0,1.0,
DEU,Germany,2018,1.0,1.0,
DEU,Germany,2019,1.0,1.0,
DEU,Germany,2020,1.0,1.0,
DEU,Germany,2021,1.0,1.0,
DEU,Germany,2022,1.0,1.0,
DEU,Germany,2023,1.0,1.0,
DEU,Germany,2024,1.0,1.0,
DNK,Denmark,2006,1.0,1.0,
DNK,Denmark,2007,1.0,1.0,
DNK,Denmark,2008,1.0,1.0,
DNK,Denmark,2009,1.0,1.0,
DNK,Denmark,2010,1.0,1.0,
DNK,Denmark,2011,1.0,1.0,
DNK,Denmark,2012,1.0,1.0,
DNK,Denmark,2013,1.0,1.0,
DNK,Denmark,2014,1.0,1.0,
DNK,Denmark,2015,1.0,1.0,
DNK,Denmark,2016,1.0,1.0,
DNK,Denmark,2017,1.0,1.0,
DNK,Denmark,2018,1.0,1.0,
DNK,Denmark,2019,1.0,1.0,
DNK,Denmark,2020,1.0,1.0,
DNK,Denmark,2021,1.0,1.0,
DNK,Denmark,2022,1.0,1.0,
DNK,Denmark,2023,1.0,1.0,
DNK,Denmark,2024,1.0,1.0,
DOM,Dominican Republic,2006,15.0,14.16456675103223,13.736539805138817
DOM,Dominican Republic,2007,15.0,15.0,13.020907427543056
DOM,Dominican Republic,2008,15.0,14.666666666666666,13.306440863230454
DOM,Dominican Republic,2009,15.0,14.333333333333334,13.591974298917853
DOM,Dominican Republic,2010,15.0,14.0,13.877507734605253
DOM,Dominican Republic,2011,15.0,14.0,14.0
DOM,Dominican Republic,2012,15.0,14.0,13.75
DOM,Dominican Republic,2013,15.0,14.437892320667515,13.5
DOM,Dominican Republic,2014,15.0,14.0,13.877507734605253
DOM,Dominican Republic,2015,14.0,14.0,13.0
DOM,Dominican Republic,2016,14.0,14.0,13.0
DOM,Dominican Republic,2017,13.0,13.0,13.0
DOM,Dominican Republic,2018,13.0,13.0,12.976629191297407
DOM,Dominican Republic,2019,13.0,13.0,12.976629191297407
DOM,Dominican Republic,2020,13.0,13.0,12.976629191297407
DOM,Dominican Republic,2021,13.028166998537856,13.0,13.0
DOM,Dominican Republic,2022,11.90798099549618,13.0,12.0
DOM,Dominican Republic,2023,13.140726575822358,13.0,13.100291181643804
DOM,Dominican Republic,2024,14.059826364992036,13.755692170649985,13.260614256643166
ECU,Ecuador,2006,16.42395444383356,17.253869867729406,16.736474662441516
ECU,Ecuador,2007,18.0,18.0,18.72795956484038
ECU,Ecuador,2008,18.0,16.0,19.536221965443996
ECU,Ecuador,2009,18.0,19.0,18.32382836453857
ECU,Ecuador,2010,16.0,18.5,16.0
ECU,Ecuador,2011,16.0,18.0,15.5
ECU,Ecuador,2012,16.0,17.0,15.0
ECU,Ecuador,2013,15.0,16.5,14.5
ECU,Ecuador,2014,15.0,16.0,14.0
ECU,Ecuador,2015,15.0,16.0,15.0
ECU,Ecuador,2016,15.0,16.0,15.5
ECU,Ecuador,2017,15.0,16.0,16.0
ECU,Ecuador,2018,16.0,16.0,17.0
ECU,Ecuador,2019,16.0,16.5,18.0
ECU,Ecuador,2020,18.0,17.0,19.0
ECU,Ecuador,2021,17.845383938126137,19.0,18.25
ECU,Ecuador,2022,17.435691075595663,19.0,17.5
ECU,Ecuador,2023,17.391189706519754,19.0,17.418534029124192
ECU,Ecuador,2024,15.958915268762388,17.0696576191292,16.0
EGY,Egypt,2006,13.705497469463188,14.794375401858348,14.69748971083786
EGY,Egypt,2007,11.0,12.32468930836258,12.611376272442325
EGY,Egypt,2008,11.0,12.32468930836258,12.611376272442325
EGY,Egypt,2009,11.0,12.32468930836258,12.611376272442325
EGY,Egypt,2010,11.0,12.32468930836258,12.611376272442325
EGY,Egypt,2011,11.0,12.0,12.0
EGY,Egypt,2012,13.0,15.0,15.0
EGY,Egypt,2013,15.0,16.0,17.0
EGY,Egypt,2014,16.0,17.0,16.6
EGY,Egypt,2015,15.0,16.0,16.2
EGY,Egypt,2016,15.0,16.0,15.708881018129718
EGY,Egypt,2017,15.0,16.0,15.708881018129718
EGY,Egypt,2018,15.0,16.0,15.0
EGY,Egypt,2019,14.0,15.0,15.0
EGY,Egypt,2020,14.25,15.0,15.0
EGY,Egypt,2021,14.5,15.0,15.022720175477204
EGY,Egypt,2022,13.921925215826,15.0,14.86882749357557
EGY,Egypt,2023,15.0,16.0,15.0
EGY,Egypt,2024,16.027029234511417,17.0,16.0
ESP,Spain,2006,6.72493961230994,7.566666666666667,6.464086319230376
ESP,Spain,2007,6.72493961230994,7.566666666666667,6.464086319230376
ESP,Spain,2008,6.72493961230994,7.566666666666667,6.464086319230376
ESP,Spain,2009,6.72493961230994,7.566666666666667,6.464086319230376
ESP,Spain,2010,2.0,2.0,3.0
ESP,Spain,2011,2.0,3.0,4.0
ESP,Spain,2012,6.0,7.0,6.0
ESP,Spain,2013,9.0,10.0,7.5
ESP,Spain,2014,9.0,9.0,9.0
ESP,Spain,2015,8.0,9.0,8.0
ESP,Spain,2016,8.0,9.0,7.666666666666667
ESP,Spain,2017,8.0,8.5,7.333333333333333
ESP,Spain,2018,7.0,8.0,7.0
ESP,Spain,2019,7.0,8.0,6.0
ESP,Spain,2020,6.870595748422305,8.0,6.0
ESP,Spain,2021,6.870595748422305,8.0,6.0
ESP,Spain,2022,6.870595748422305,8.0,6.0
ESP,Spain,2023,7.13115346969108,8.0,6.730647394227821
ESP,Spain,2024,7.13115346969108,8.0,6.730647394227821
EST,Estonia,2006,6.0,5.0,4.840291936686854
EST,Estonia,2007,6.0,5.0,4.840291936686854
EST,Estonia,2008,6.0,5.0,4.840291936686854
EST,Estonia,2009,8.0,5.0,6.520537233835482
EST,Estonia,2010,8.0,5.0,6.520537233835482
EST,Estonia,2011,5.0,5.0,4.0
EST,Estonia,2012,5.0,5.0,4.0
EST,Estonia,2013,5.0,5.0,4.0
EST,Estonia,2014,5.0,5.0,4.00016928811254
EST,Estonia,2015,5.0,5.0,4.00016928811254
EST,Estonia,2016,5.0,5.0,4.00016928811254
EST,Estonia,2017,5.0,5.0,4.00016928811254
EST,Estonia,2018,5.0,5.0,4.00016928811254
EST,Estonia,2019,4.0,5.0,3.1600466395382263
EST,Estonia,2020,4.0,5.0,3.1600466395382263
EST,Estonia,2021,5.488013587055056,5.0,4.410160555409485
EST,Estonia,2022,4.99929564067311,5.0,4.0
EST,Estonia,2023,5.59474818899698,5.0,4.5
EST,Estonia,2024,6.1902007373208505,5.0,5.0
FIN,Finland,2006,1.642857130158729,1.6428572063492022,2.0
FIN,Finland,2007,1.642857130158729,1.6428572063492022,2.0
FIN,Finland,2008,1.642857130158729,1.6428572063492022,2.0
FIN,Finland,2009,1.642857130158729,1.6428572063492022,2.0
FIN,Finland,2010,1.642857130158729,1.6428572063492022,2.0
FIN,Finland,2011,1.0,1.0000002222222069,2.0
FIN,Finland,2012,1.0,1.0000002222222069,2.0
FIN,Finland,2013,1.0,1.0000002222222069,2.0
FIN,Finland,2014,1.0,1.0000002222222069,2.0
FIN,Finland,2015,1.0,1.0,2.0
FIN,Finland,2016,2.0,2.0,2.0
FIN,Finland,2017,2.0,2.0,2.0
FIN,Finland,2018,2.0,2.0,2.0
FIN,Finland,2019,2.0,2.0,2.0
FIN,Finland,2020,2.0,2.0,2.0
FIN,Finland,2021,1.9999999555555503,2.0,2.0
FIN,Finland,2022,1.9999999555555503,2.0,2.0
FIN,Finland,2023,1.9999999555555503,2.0,2.0
FIN,Finland,2024,1.9999999555555503,2.0,2.0
FJI,Fiji,2006,,13.765888092811975,14.064879121190293
FJI,Fiji,2007,,13.765888092811975,14.064879121190293
FJI,Fiji,2008,,13.765888092811975,14.064879121190293
FJI,Fiji,2009,,14.0,14.278880899914224
FJI,Fiji,2010,,14.0,14.278880899914224
FJI,Fiji,2011,,14.0,15.0
FJI,Fiji,2012,,14.254209484991648,14.75
FJI,Fiji,2013,,14.0,14.5
FJI,Fiji,2014,,14.0,14.278880899914224
FJI,Fiji,2015,,14.0,14.0
FJI,Fiji,2016,,14.0,13.75
FJI,Fiji,2017,,13.0,13.5
FJI,Fiji,2018,,13.0,13.364780539559389
FJI,Fiji,2019,,13.0,13.0
FJI,Fiji,2020,,13.0,13.5
FJI,Fiji,2021,,14.0,14.0
FJI,Fiji,2022,,14.0,14.278880899914224
FJI,Fiji,2023,,14.0,14.278880899914224
FJI,Fiji,2024,,14.0,14.278880899914224
FRA,France,2006,2.697004111796834,2.716201668901254,3.0952810653890253
FRA,France,2007,2.697004111796834,2.716201668901254,3.0952810653890253
FRA,France,2008,2.697004111796834,2.716201668901254,3.0952810653890253
FRA,France,2009,2.697004111796834,2.716201668901254,3.0952810653890253
FRA,France,2010,2.697004111796834,2.716201668901254,3.0952810653890253
FRA,France,2011,1.0,2.026823364617556,2.6140640057881552
FRA,France,2012,1.0,2.0,2.0
FRA,France,2013,1.0,2.0,3.0
FRA,France,2014,2.0,2.0,3.0
FRA,France,2015,3.0,3.0,3.0
FRA,France,2016,3.0,3.0,3.188596524504338
FRA,France,2017,3.0,3.0,3.188596524504338
FRA,France,2018,3.0,3.0,3.188596524504338
FRA,France,2019,3.0,3.0,3.188596524504338
FRA,France,2020,3.0,3.0,3.188596524504338
FRA,France,2021,3.333333333333333,3.0,3.2768882871365053
FRA,France,2022,3.6666666666666665,3.0,3.0
FRA,France,2023,4.0,3.0,3.5
FRA,France,2024,3.758057565155668,3.0,4.0
GAB,Gabon,2007,,,13.0
GAB,Gabon,2008,,,13.0
GAB,Gabon,2009,,,13.0
GAB,Gabon,2011,,,13.0
GAB,Gabon,2012,,,13.0
GAB,Gabon,2013,,,13.0
GAB,Gabon,2014,,,13.0
GAB,Gabon,2015,,,14.0
GAB,Gabon,2016,,,14.0
GAB,Gabon,2017,,,14.0
GAB,Gabon,2018,,,15.0
GAB,Gabon,2019,,,15.0
GAB,Gabon,2020,,,18.0
GAB,Gabon,2021,,,16.0
GBR,United Kingdom,2006,2.643325791449727,2.763233553552055,3.0
GBR,United Kingdom,2007,2.643325791449727,2.763233553552055,3.0
GBR,United Kingdom,2008,2.643325791449727,2.763233553552055,3.0
GBR,United Kingdom,2009,2.643325791449727,2.763233553552055,3.0
GBR,United Kingdom,2010,2.643325791449727,2.763233553552055,3.0
GBR,United Kingdom,2011,1.0,1.46101809808835,3.0
GBR,United Kingdom,2012,1.0,1.46101809808835,3.0
GBR,United Kingdom,2013,1.0,2.0,3.0
GBR,United Kingdom,2014,2.0,2.0,3.0
GBR,United Kingdom,2015,2.0,2.0,3.0
GBR,United Kingdom,2016,2.0,2.0,3.0
GBR,United Kingdom,2017,3.0,3.0,3.0
GBR,United Kingdom,2018,3.0,3.0,3.0
GBR,United Kingdom,2019,3.0,3.0,3.0
GBR,United Kingdom,2020,4.0,4.0,3.0
GBR,United Kingdom,2021,4.121078429615476,4.0,3.0
GBR,United Kingdom,2022,4.121078429615476,4.0,3.0
GBR,United Kingdom,2023,4.121078429615476,4.0,3.0
GBR,United Kingdom,2024,2.643325791449727,2.763233553552055,3.0
GEO,Georgia,2006,12.96204762552635,12.515008762569863,12.693946806350334
GEO,Georgia,2007,13.0,12.535427322672696,12.722846773032858
GEO,Georgia,2008,14.0,13.092490215791146,13.490948097057952
GEO,Georgia,2009,14.0,13.092490215791146,13.490948097057952
GEO,Georgia,2010,14.0,13.0,14.0
GEO,Georgia,2011,14.0,13.0,13.0
GEO,Georgia,2012,13.0,13.0,12.875
GEO,Georgia,2013,13.0,12.549749972002662,12.75
GEO,Georgia,2014,13.0,13.0,12.884257421898688
GEO,Georgia,2015,13.0,13.0,12.884257421898688
GEO,Georgia,2016,13.0,13.0,12.884257421898688
GEO,Georgia,2017,13.0,12.0,12.53681845972289
GEO,Georgia,2018,13.0,12.0,12.53681845972289
GEO,Georgia,2019,12.0,12.0,12.0
GEO,Georgia,2020,12.0,12.0,12.0
GEO,Georgia,2021,12.214289668647712,12.0,12.0
GEO,Georgia,2022,12.214289668647712,12.0,12.0
GEO,Georgia,2023,12.444138961089475,12.0,12.217445181007731
GEO,Georgia,2024,12.444138961089475,12.0,12.217445181007731
GHA,Ghana,2006,,,14.0
GHA,Ghana,2007,,,14.0
GHA,Ghana,2008,,,14.0
GHA,Ghana,2009,,,14.0
GHA,Ghana,2010,,,14.0
GHA,Ghana,2011,,,14.0
GHA,Ghana,2012,,,14.0
GHA,Ghana,2013,,,14.0
GHA,Ghana,2014,,,15.0
GHA,Ghana,2015,,,15.0
GHA,Ghana,2016,,,15.0
GHA,Ghana,2017,,,15.0
GHA,Ghana,2018,,,15.0
GHA,Ghana,2019,,,15.0
GHA,Ghana,2020,,,15.0
GHA,Ghana,2021,,,15.5
GHA,Ghana,2022,,,16.0
GHA,Ghana,2023,,,22.0
GRC,Greece,2006,12.89777730492868,13.658049204489632,12.129052709401984
GRC,Greece,2007,6.0,6.922442840406704,6.138385777326654
GRC,Greece,2008,6.0,6.922442840406704,6.138385777326654
GRC,Greece,2009,6.0,6.0,3.865780574572713
GRC,Greece,2010,10.0,7.0,0.1803966400095604
GRC,Greece,2011,11.0,14.0,20.0
GRC,Greece,2012,21.0,21.0,18.33333333333333
GRC,Greece,2013,18.0,19.0,16.666666666666668
GRC,Greece,2014,16.0,17.0,15.0
GRC,Greece,2015,18.0,18.0,16.0
GRC,Greece,2016,18.0,19.0,16.0
GRC,Greece,2017,18.0,18.0,15.5
GRC,Greece,2018,15.0,16.0,15.0
GRC,Greece,2019,13.0,14.0,13.0
GRC,Greece,2020,12.0,13.0,12.5
GRC,Greece,2021,11.666666666666666,13.0,12.0
GRC,Greece,2022,11.333333333333334,13.0,11.0
GRC,Greece,2023,11.0,13.0,11.0
GRC,Greece,2024,10.159991488716347,11.0,10.0
GTM,Guatemala,2006,11.0,11.0,12.0
GTM,Guatemala,2007,11.0,11.0,12.090909090909092
GTM,Guatemala,2008,11.0,11.0,12.181818181818182
GTM,Guatemala,2009,11.709687138558312,11.0,12.545176449504714
GTM,Guatemala,2010,11.709687138558312,11.0,12.545176449504714
GTM,Guatemala,2011,11.0,11.0,12.090408271112707
GTM,Guatemala,2012,11.0,11.0,12.090408271112707
GTM,Guatemala,2013,11.0,11.0,12.090408271112707
GTM,Guatemala,2014,12.0,11.0,12.731209201105385
GTM,Guatemala,2015,12.0,11.0,12.731209201105385
GTM,Guatemala,2016,12.0,11.0,12.731209201105385
GTM,Guatemala,2017,12.0,11.0,13.0
GTM,Guatemala,2018,12.0,11.0,13.0
GTM,Guatemala,2019,12.0,11.0,13.0
GTM,Guatemala,2020,13.0,11.0,13.372010131098056
GTM,Guatemala,2021,12.666666666666666,11.0,13.158409821100497
GTM,Guatemala,2022,12.333333333333334,11.0,13.0
GTM,Guatemala,2023,12.0,11.0,12.0
GTM,Guatemala,2024,11.06468135549126,11.0,12.0
HKG,Hong Kong,2006,4.0,4.0,2.8201033355240126
HKG,Hong Kong,2007,3.0,3.0,1.9841259193062093
HKG,Hong Kong,2008,2.6666666666666665,2.6666666666666665,1.7054667805669417
HKG,Hong Kong,2009,2.333333333333333,2.333333333333333,1.4268076418276745
HKG,Hong Kong,2010,2.0,2.0,1.0
HKG,Hong Kong,2011,2.0,2.0,1.1428571428571428
HKG,Hong Kong,2012,2.0,2.0,1.2857142857142856
HKG,Hong Kong,2013,2.0,2.0,1.1481485030884064
HKG,Hong Kong,2014,2.0,2.0,1.1481485030884064
HKG,Hong Kong,2015,2.0,2.0,1.1481485030884064
HKG,Hong Kong,2016,2.0,2.0,1.1481485030884064
HKG,Hong Kong,2017,2.0,3.0,2.0
HKG,Hong Kong,2018,2.0,3.0,1.9841259193062093
HKG,Hong Kong,2019,2.0,3.0,1.9841259193062093
HKG,Hong Kong,2020,4.0,4.0,2.8201033355240126
HKG,Hong Kong,2021,3.522195860508143,4.0,2.8201033355240126
HKG,Hong Kong,2022,3.522195860508143,4.0,2.8201033355240126
HKG,Hong Kong,2023,3.522195860508143,4.0,2.8201033355240126
HKG,Hong Kong,2024,2.587032643418023,2.8333333333333326,1.844796349936575
HND,Honduras,2006,,14.743457301872647,13.698661902909269
HND,Honduras,2007,,14.743457301872647,13.698661902909269
HND,Honduras,2008,,14.743457301872647,13.698661902909269
HND,Honduras,2009,,15.874172820706006,15.0
HND,Honduras,2010,,15.584543881242032,14.666666666666666
HND,Honduras,2011,,15.294914941778062,14.333333333333334
HND,Honduras,2012,,15.005286002314088,14.0
HND,Honduras,2013,,15.0,15.0
HND,Honduras,2014,,16.0,14.5
HND,Honduras,2015,,16.0,14.0
HND,Honduras,2016,,15.0,13.5
HND,Honduras,2017,,14.0,13.0
HND,Honduras,2018,,14.0,13.0
HND,Honduras,2019,,14.0,13.0
HND,Honduras,2020,,14.0,13.089295223274146
HND,Honduras,2021,,14.0,13.089295223274146
HND,Honduras,2022,,14.0,13.0
HND,Honduras,2023,,14.0,13.0
HND,Honduras,2024,,14.13639918392217,13.0
HRV,Croatia,2006,9.95205247656006,10.642687845218292,10.151636086588445
HRV,Croatia,2007,9.95205247656006,10.642687845218292,10.151636086588445
HRV,Croatia,2008,9.95205247656006,10.642687845218292,10.151636086588445
HRV,Croatia,2009,10.0,10.680010457866288,10.194542350973553
HRV,Croatia,2010,10.0,10.666643515168944,10.0
HRV,Croatia,2011,10.0,10.700998355208789,10.5
HRV,Croatia,2012,10.0,10.735353195248631,11.0
HRV,Croatia,2013,10.0,11.0,11.5
HRV,Croatia,2014,11.0,11.0,12.0
HRV,Croatia,2015,12.0,11.5,11.75
HRV,Croatia,2016,12.0,12.0,11.5
HRV,Croatia,2017,12.0,12.0,11.98163503444155
HRV,Croatia,2018,11.0,12.0,11.0
HRV,Croatia,2019,10.0,12.0,10.0
HRV,Croatia,2020,10.0,11.0,9.333333333333334
HRV,Croatia,2021,9.0,10.0,8.666666666666666
HRV,Croatia,2022,8.0,9.0,8.0
HRV,Croatia,2023,7.935953260936531,9.0,8.0
HRV,Croatia,2024,6.296886364024395,7.0,7.0
HUN,Hungary,2006,8.0,6.0,8.085640959118965
HUN,Hungary,2007,8.0,6.5,8.079233844874924
HUN,Hungary,2008,8.0,7.0,8.072826730630883
HUN,Hungary,2009,9.0,8.0,10.0
HUN,Hungary,2010,10.0,10.0,10.5
HUN,Hungary,2011,10.0,11.0,11.0
HUN,Hungary,2012,11.0,11.0,12.0
HUN,Hungary,2013,11.0,11.0,11.666666666666666
HUN,Hungary,2014,11.0,11.0,11.333333333333334
HUN,Hungary,2015,11.0,11.0,11.0
HUN,Hungary,2016,10.0,10.0,10.0
HUN,Hungary,2017,10.0,10.0,9.666666666666666
HUN,Hungary,2018,10.0,10.0,9.333333333333334
HUN,Hungary,2019,9.0,10.0,9.0
HUN,Hungary,2020,9.0,10.0,9.0
HUN,Hungary,2021,9.098965970487692,9.0,9.0
HUN,Hungary,2022,9.098965970487692,9.0,9.0
HUN,Hungary,2023,9.56543108192334,9.0,10.0
HUN,Hungary,2024,9.363331427935988,9.0,9.566742187073013
IDN,Indonesia,2006,13.0,14.0,13.999746380936246
IDN,Indonesia,2007,13.0,13.0,13.456344740920304
IDN,Indonesia,2008,12.0,12.5,12.659749319480271
IDN,Indonesia,2009,11.5,12.0,12.12560119875627
IDN,Indonesia,2010,11.0,11.5,11.591453078032268
IDN,Indonesia,2011,11.0,11.0,11.0
IDN,Indonesia,2012,10.0,10.0,10.833333333333334
IDN,Indonesia,2013,10.0,10.0,10.666666666666666
IDN,Indonesia,2014,10.0,10.0,10.251456016576292
IDN,Indonesia,2015,10.0,10.089066569944649,10.29985493675481
IDN,Indonesia,2016,10.0,10.0,10.251456016576292
IDN,Indonesia,2017,10.0,10.0,10.0
IDN,Indonesia,2018,9.0,9.0,9.5
IDN,Indonesia,2019,9.0,9.0,9.0
IDN,Indonesia,2020,9.0,9.0,9.0
IDN,Indonesia,2021,9.009602705550677,9.0,9.0
IDN,Indonesia,2022,9.009602705550677,9.0,9.0
IDN,Indonesia,2023,9.079161355791136,9.0,9.2247111434251
IDN,Indonesia,2024,9.079161355791136,9.0,9.2247111434251
IND,India,2006,10.0,9.666666666666666,10.0
IND,India,2007,10.0,9.666666666666666,10.0
IND,India,2008,10.0,9.666666666666666,10.0
IND,India,2009,10.0,9.666666666666666,10.0
IND,India,2010,10.0,9.666666666666666,10.0
IND,India,2011,10.0,9.666666666666666,10.0
IND,India,2012,10.0,9.666666666666666,10.0
IND,India,2013,10.0,9.666666666666666,10.0
IND,India,2014,10.0,9.666666666666666,10.0
IND,India,2015,10.0,10.0,10.0
IND,India,2016,10.0,10.0,10.0
IND,India,2017,10.0,9.0,10.0
IND,India,2018,10.0,9.0,10.0
IND,India,2019,10.0,9.0,10.0
IND,India,2020,10.0,10.0,10.0
IND,India,2021,10.0,10.0,10.0
IND,India,2022,10.0,10.0,10.0
IND,India,2023,10.0,10.0,10.0
IND,India,2024,10.0,9.666666666666666,10.0
IRL,Ireland,2006,4.0,5.145435625134603,4.528940581649026
IRL,Ireland,2007,5.0,5.688526313113233,5.121783837592021
IRL,Ireland,2008,5.0,2.0,10.0
IRL,Ireland,2009,10.0,10.0,9.333333333333334
IRL,Ireland,2010,11.0,3.0,8.666666666666666
IRL,Ireland,2011,11.0,10.0,8.0
IRL,Ireland,2012,10.0,10.0,7.666666666666667
IRL,Ireland,2013,9.0,10.0,7.333333333333333
IRL,Ireland,2014,9.0,10.0,7.0
IRL,Ireland,2015,9.0,9.0,9.0
IRL,Ireland,2016,8.0,9.0,8.0
IRL,Ireland,2017,8.0,6.0,7.0
IRL,Ireland,2018,6.0,7.0,5.5
IRL,Ireland,2019,6.0,6.0,4.0
IRL,Ireland,2020,6.0,6.0,4.0
IRL,Ireland,2021,5.0,6.0,4.0
IRL,Ireland,2022,4.0,5.0,4.0
IRL,Ireland,2023,6.577713463192684,6.0,6.0
IRL,Ireland,2024,4.316376932642011,5.0,3.0
ISL,Iceland,2006,4.0,4.4296199666774925,6.204467051128245
ISL,Iceland,2007,5.0,5.74312058859515,6.2054486181889805
ISL,Iceland,2008,5.0,2.0,10.0
ISL,Iceland,2009,1.0,2.0,9.333333333333334
ISL,Iceland,2010,5.0,3.0,8.666666666666666
ISL,Iceland,2011,8.0,10.0,8.0
ISL,Iceland,2012,8.0,10.5,7.666666666666667
ISL,Iceland,2013,8.0,11.0,7.333333333333333
ISL,Iceland,2014,8.0,10.0,7.0
ISL,Iceland,2015,7.0,8.0,5.0
ISL,Iceland,2016,6.0,7.0,8.0
ISL,Iceland,2017,6.0,6.0,7.0
ISL,Iceland,2018,5.0,7.0,5.5
ISL,Iceland,2019,5.0,6.0,4.0
ISL,Iceland,2020,5.0,6.0,4.0
ISL,Iceland,2021,4.5,6.0,4.0
ISL,Iceland,2022,4.0,5.0,4.0
ISL,Iceland,2023,3.505234521919516,4.0,3.0
ISL,Iceland,2024,3.505234521919516,4.0,3.0
ISR,Israel,2006,7.0,4.796659579671142,5.1228800659619935
ISR,Israel,2007,6.5,4.903375807658426,4.923485448751537
ISR,Israel,2008,6.0,5.0,4.709418088475658
ISR,Israel,2009,6.0,5.0,4.709418088475658
ISR,Israel,2010,6.0,5.0,4.709418088475658
ISR,Israel,2011,6.0,5.201401379829054,5.0
ISR,Israel,2012,6.0,5.103114140092362,4.857142857142857
ISR,Israel,2013,6.0,5.0,4.714285714285714
ISR,Israel,2014,6.0,5.0,4.709418088475658
ISR,Israel,2015,6.0,5.0,4.709418088475658
ISR,Israel,2016,6.0,5.0,4.709418088475658
ISR,Israel,2017,5.0,5.0,4.000320835110296
ISR,Israel,2018,5.0,5.0,4.0
ISR,Israel,2019,5.0,5.0,4.0
ISR,Israel,2020,5.0,5.0,4.0
ISR,Israel,2021,5.859361354881866,5.0,4.609691611505363
ISR,Israel,2022,5.859361354881866,5.0,4.609691611505363
ISR,Israel,2023,4.999775248545458,5.0,4.0
ISR,Israel,2024,4.358484498072665,6.0,5.0
ITA,Italy,2006,3.0,4.200692664252163,5.6259452126237495
ITA,Italy,2007,3.4,4.561599609821242,5.8770262433960445
ITA,Italy,2008,3.8,4.922506555390321,6.1281072741683404
ITA,Italy,2009,7.362515715297218,8.136549926841484,8.364179211362014
ITA,Italy,2010,7.362515715297218,8.136549926841484,8.364179211362014
ITA,Italy,2011,5.0,6.0,6.0
ITA,Italy,2012,7.0,7.0,8.0
ITA,Italy,2013,8.0,9.0,9.0
ITA,Italy,2014,8.0,9.0,10.0
ITA,Italy,2015,8.0,9.0,9.666666666666666
ITA,Italy,2016,8.0,9.0,9.333333333333334
ITA,Italy,2017,9.0,9.0,9.0
ITA,Italy,2018,9.0,9.0,9.0
ITA,Italy,2019,9.0,9.5,9.0
ITA,Italy,2020,9.0,10.0,9.55813215432688
ITA,Italy,2021,9.0,10.0,9.0
ITA,Italy,2022,9.268137460758297,10.0,9.0
ITA,Italy,2023,9.332113983997186,10.0,9.637656497277211
ITA,Italy,2024,7.362515715297218,8.136549926841484,8.364179211362014
JAM,Jamaica,2006,14.0,15.396010386081066,14.025927693302018
JAM,Jamaica,2007,14.5,15.683694803640954,14.321947177601167
JAM,Jamaica,2008,15.0,15.97137922120084,14.617966661900317
JAM,Jamaica,2009,18.0,15.0,15.91949314893768
JAM,Jamaica,2010,18.0,16.0,16.0
JAM,Jamaica,2011,16.0,17.0,15.8
JAM,Jamaica,2012,16.0,18.0,15.6
JAM,Jamaica,2013,18.0,19.0,16.62324540843561
JAM,Jamaica,2014,16.0,19.0,15.64162603011913
JAM,Jamaica,2015,16.0,18.0,15.0
JAM,Jamaica,2016,15.0,16.0,14.75
JAM,Jamaica,2017,15.0,16.0,14.5
JAM,Jamaica,2018,15.0,16.0,14.62300214633744
JAM,Jamaica,2019,14.0,15.0,14.0
JAM,Jamaica,2020,14.0,15.0,14.0
JAM,Jamaica,2021,14.117072368610296,15.0,14.0
JAM,Jamaica,2022,13.323502997736547,14.5,13.5
JAM,Jamaica,2023,12.5299336268628,14.0,13.0
JAM,Jamaica,2024,12.489859201353266,14.15370782435228,13.0
JOR,Jordan,2006,13.0,13.875,13.479873261119842
JOR,Jordan,2007,13.0,13.875,13.479873261119842
JOR,Jordan,2008,13.0,13.875,13.479873261119842
JOR,Jordan,2009,13.0,13.875,13.479873261119842
JOR,Jordan,2010,13.0,13.875,13.479873261119842
JOR,Jordan,2011,13.0,13.875,13.479873261119842
JOR,Jordan,2012,13.0,13.875,13.479873261119842
JOR,Jordan,2013,13.0,14.0,13.0
JOR,Jordan,2014,13.0,14.0,13.25
JOR,Jordan,2015,13.0,14.0,13.5
JOR,Jordan,2016,13.0,14.0,13.517557517530154
JOR,Jordan,2017,13.0,14.0,14.0
JOR,Jordan,2018,13.0,14.0,13.857142857142858
JOR,Jordan,2019,13.0,14.0,13.714285714285714
JOR,Jordan,2020,13.0,14.0,13.517557517530154
JOR,Jordan,2021,13.0,14.0,13.517557517530154
JOR,Jordan,2022,13.0,14.0,13.517557517530154
JOR,Jordan,2023,13.0,13.5,13.366820491888904
JOR,Jordan,2024,13.0,13.0,13.0
JPN,Japan,2006,4.701186637716038,4.633333333333337,4.5596206994546
JPN,Japan,2007,4.701186637716038,4.633333333333337,4.5596206994546
JPN,Japan,2008,4.701186637716038,4.633333333333337,4.5596206994546
JPN,Japan,2009,-0.187184312666897,3.0,3.185308940705817
JPN,Japan,2010,1.3092557741850204,3.5,3.606016621955444
JPN,Japan,2011,3.0,4.0,4.0
JPN,Japan,2012,3.0,4.333333333333333,4.25
JPN,Japan,2013,5.0,4.666666666666667,4.5
JPN,Japan,2014,5.0,5.0,4.716009607958997
JPN,Japan,2015,6.0,5.0,5.0
JPN,Japan,2016,6.0,5.0,4.906511264817144
JPN,Japan,2017,6.0,5.0,4.906511264817144
JPN,Japan,2018,6.0,5.0,4.906511264817144
JPN,Japan,2019,6.0,5.0,4.906511264817144
JPN,Japan,2020,6.0,5.0,4.906511264817144
JPN,Japan,2021,5.798576034740769,5.0,4.868139665704323
JPN,Japan,2022,5.798576034740769,5.0,4.868139665704323
JPN,Japan,2023,5.798576034740769,5.0,4.868139665704323
JPN,Japan,2024,4.701186637716038,4.633333333333337,4.5596206994546
KAZ,Kazakhstan,2006,9.0,9.0,9.39879532332312
KAZ,Kazakhstan,2007,9.0,9.0,9.39879532332312
KAZ,Kazakhstan,2008,10.0,9.0,10.051019895529109
KAZ,Kazakhstan,2009,10.0,8.838214917583842,9.921970167082687
KAZ,Kazakhstan,2010,10.0,7.862012915143524,9.0
KAZ,Kazakhstan,2011,9.0,7.501988916406818,8.0
KAZ,Kazakhstan,2012,8.0,8.482893356499135,8.25
KAZ,Kazakhstan,2013,8.0,9.0,8.5
KAZ,Kazakhstan,2014,8.0,9.0,8.746570751117131
KAZ,Kazakhstan,2015,8.0,9.0,9.0
KAZ,Kazakhstan,2016,9.0,9.0,10.0
KAZ,Kazakhstan,2017,9.0,10.0,10.0
KAZ,Kazakhstan,2018,9.0,10.0,10.0
KAZ,Kazakhstan,2019,9.0,10.0,10.19645680433944
KAZ,Kazakhstan,2020,9.0,9.5,9.79762606383128
KAZ,Kazakhstan,2021,8.952741343746762,9.0,9.367972066465322
KAZ,Kazakhstan,2022,9.756091724597582,9.0,10.0
KAZ,Kazakhstan,2023,9.756091724597582,9.0,10.0
KAZ,Kazakhstan,2024,9.012240787465007,8.0,8.609117584674628
KEN,Kenya,2007,,,14.0
KEN,Kenya,2008,,,14.0
KEN,Kenya,2009,,,14.0
KEN,Kenya,2010,,,14.0
KEN,Kenya,2011,,,14.0
KEN,Kenya,2012,,,14.0
KEN,Kenya,2013,,,14.0
KEN,Kenya,2014,,,14.0
KEN,Kenya,2015,,,14.0
KEN,Kenya,2016,,,14.0
KEN,Kenya,2017,,,14.0
KEN,Kenya,2018,,,14.0
KEN,Kenya,2019,,,14.0
KEN,Kenya,2020,,,14.333333333333334
KEN,Kenya,2021,,,14.666666666666666
KEN,Kenya,2022,,,15.0
KHM,Cambodia,2006,,15.0,14.4375
KHM,Cambodia,2007,,15.0,14.0
KHM,Cambodia,2008,,15.0,14.25
KHM,Cambodia,2009,,15.0,14.5
KHM,Cambodia,2010,,15.0,14.4375
KHM,Cambodia,2011,,15.0,15.0
KHM,Cambodia,2012,,15.0,14.4375
KHM,Cambodia,2013,,15.0,14.4375
KHM,Cambodia,2014,,15.0,14.4375
KHM,Cambodia,2015,,15.0,14.4375
KHM,Cambodia,2016,,15.0,14.4375
KHM,Cambodia,2017,,15.0,14.4375
KHM,Cambodia,2018,,15.0,14.4375
KHM,Cambodia,2019,,15.0,14.4375
KHM,Cambodia,2020,,15.0,14.4375
KHM,Cambodia,2021,,15.0,14.4375
KHM,Cambodia,2022,,15.0,14.4375
KHM,Cambodia,2023,,15.0,14.4375
KHM,Cambodia,2024,,15.0,14.4375
KOR,South Korea,2006,4.32924138359504,3.9166666666666665,4.230874013972983
KOR,South Korea,2007,5.276428243153595,6.0,12.264938619638484
KOR,South Korea,2008,5.0,5.666666666666667,10.892645432584327
KOR,South Korea,2009,5.0,5.333333333333333,9.71258586599316
KOR,South Korea,2010,5.0,5.0,8.532526299401994
KOR,South Korea,2011,5.0,4.5,6.762436949515248
KOR,South Korea,2012,5.0,4.0,5.0
KOR,South Korea,2013,4.0,4.0,4.666666666666667
KOR,South Korea,2014,4.0,4.0,4.333333333333333
KOR,South Korea,2015,4.0,4.0,4.0
KOR,South Korea,2016,4.0,3.6666666666666665,3.0
KOR,South Korea,2017,4.0,3.333333333333333,1.9368088585583347
KOR,South Korea,2018,4.0,3.0,0.7567492919671697
KOR,South Korea,2019,4.0,3.0,0.7567492919671697
KOR,South Korea,2020,4.0,3.0,0.7567492919671697
KOR,South Korea,2021,3.912479165389272,3.0,0.6958855874801593
KOR,South Korea,2022,3.912479165389272,3.0,0.6958855874801593
KOR,South Korea,2023,3.912479165389272,3.0,0.6958855874801593
KOR,South Korea,2024,3.912479165389272,3.0,0.6958855874801593
KWT,Kuwait,2006,3.4999988300315272,4.0,4.330679651200521
KWT,Kuwait,2007,2.999998169272636,3.0,3.4470850669312045
KWT,Kuwait,2008,3.0,3.0,3.4470857140102584
KWT,Kuwait,2009,3.0,3.0,3.4470857140102584
KWT,Kuwait,2010,3.0,3.0,3.4470857140102584
KWT,Kuwait,2011,3.0,3.0,3.0
KWT,Kuwait,2012,3.0,3.0000263264165854,3.111111111111111
KWT,Kuwait,2013,3.0,3.000024598448695,3.2222222222222223
KWT,Kuwait,2014,3.0,3.0,3.4470857140102584
KWT,Kuwait,2015,3.0,3.0,3.4470857140102584
KWT,Kuwait,2016,3.0,3.0,3.4470857140102584
KWT,Kuwait,2017,3.0,3.0,3.4470857140102584
KWT,Kuwait,2018,3.0,3.0,3.4470857140102584
KWT,Kuwait,2019,3.0,3.0,3.4470857140102584
KWT,Kuwait,2020,3.0,3.0,4.0
KWT,Kuwait,2021,3.5,4.0,5.0
KWT,Kuwait,2022,4.0,5.0,5.0
KWT,Kuwait,2023,3.999999490790419,5.0,5.214274235469837
KWT,Kuwait,2024,3.999999490790419,5.0,5.214274235469837
LBN,Lebanon,2006,16.0,15.543595373881333,16.571209079009307
LBN,Lebanon,2007,15.75,15.29775432820962,16.391064793033756
LBN,Lebanon,2008,15.5,15.051913282537909,16.210920507058212
LBN,Lebanon,2009,14.726479984771636,15.0,15.0
LBN,Lebanon,2010,15.0,14.0,15.25
LBN,Lebanon,2011,15.0,14.0,15.5
LBN,Lebanon,2012,15.0,14.0,15.669804957061308
LBN,Lebanon,2013,15.0,14.0,16.0
LBN,Lebanon,2014,15.0,15.0,16.333333333333332
LBN,Lebanon,2015,15.0,15.0,16.666666666666668
LBN,Lebanon,2016,16.0,15.0,16.395751678058346
LBN,Lebanon,2017,16.0,16.0,16.718523742320357
LBN,Lebanon,2018,16.0,16.5,16.879909774451363
LBN,Lebanon,2019,18.0,17.0,18.0
LBN,Lebanon,2020,21.0,20.0,20.0
LBN,Lebanon,2021,20.64721079956401,20.33333333333333,19.990840306345284
LBN,Lebanon,2022,20.96760799303908,20.666666666666668,20.2276070229308
LBN,Lebanon,2023,21.288005186514148,21.0,20.46437373951631
LBN,Lebanon,2024,16.77107244243828,16.29962572136828,17.126111422210286
LKA,Sri Lanka,2006,13.0,14.175798627209478,12.67458691159734
LKA,Sri Lanka,2007,13.5,17.870210382483197,6.0
LKA,Sri Lanka,2008,14.0,17.030285559731936,8.666666666666666
LKA,Sri Lanka,2009,14.0,15.73661903860948,11.333333333333332
LKA,Sri Lanka,2010,14.0,14.0,14.0
LKA,Sri Lanka,2011,13.0,14.0,14.125
LKA,Sri Lanka,2012,13.0,14.0,14.25
LKA,Sri Lanka,2013,13.0,14.0,12.968692241213848
LKA,Sri Lanka,2014,13.0,14.0,12.968692241213848
LKA,Sri Lanka,2015,13.0,14.0,12.968692241213848
LKA,Sri Lanka,2016,14.0,14.0,14.570126943037264
LKA,Sri Lanka,2017,14.0,14.0,14.570126943037264
LKA,Sri Lanka,2018,14.0,14.0,15.0
LKA,Sri Lanka,2019,15.0,14.5,15.5
LKA,Sri Lanka,2020,16.0,15.0,16.0
LKA,Sri Lanka,2021,20.0,17.0,17.0
LKA,Sri Lanka,2022,21.0,20.0,18.0
LKA,Sri Lanka,2023,19.79662646807078,20.0,13.8152427788291
LKA,Sri Lanka,2024,19.79662646807078,20.0,13.8152427788291
LTU,Lithuania,2006,6.0,6.0,5.375419390157046
LTU,Lithuania,2007,6.0,6.333333333333333,5.2162169390545134
LTU,Lithuania,2008,7.0,6.666666666666667,6.325715961140447
LTU,Lithuania,2009,9.0,7.0,9.0
LTU,Lithuania,2010,9.0,7.2,8.6
LTU,Lithuania,2011,9.0,7.4,8.2
LTU,Lithuania,2012,9.0,7.524432439218323,8.453443667131136
LTU,Lithuania,2013,9.0,7.524432439218323,8.453443667131136
LTU,Lithuania,2014,8.0,8.0,7.0
LTU,Lithuania,2015,7.0,7.0,6.75
LTU,Lithuania,2016,7.0,7.0,6.5
LTU,Lithuania,2017,7.0,7.0,6.166513510037915
LTU,Lithuania,2018,7.0,7.0,6.0
LTU,Lithuania,2019,7.0,7.0,5.5
LTU,Lithuania,2020,6.0,6.5,5.0
LTU,Lithuania,2021,5.723536971714932,6.0,5.0
LTU,Lithuania,2022,5.723536971714932,6.0,5.0
LTU,Lithuania,2023,6.082396359961495,6.0,5.5
LTU,Lithuania,2024,6.441255748208059,6.0,6.0
LUX,Luxembourg,2006,1.0,1.0,
LUX,Luxembourg,2007,1.0,1.0,
LUX,Luxembourg,2008,1.0,1.0,
LUX,Luxembourg,2009,1.0,1.0,
LUX,Luxembourg,2010,1.0,1.0,
LUX,Luxembourg,2011,1.0,1.0,
LUX,Luxembourg,2012,1.0,1.0,
LUX,Luxembourg,2013,1.0,1.0,
LUX,Luxembourg,2014,1.0,1.0,
LUX,Luxembourg,2015,1.0,1.0,
LUX,Luxembourg,2016,1.0,1.0,
LUX,Luxembourg,2017,1.0,1.0,
LUX,Luxembourg,2018,1.0,1.0,
LUX,Luxembourg,2019,1.0,1.0,
LUX,Luxembourg,2020,1.0,1.0,
LUX,Luxembourg,2021,1.0,1.0,
LUX,Luxembourg,2022,1.0,1.0,
LUX,Luxembourg,2023,1.0,1.0,
LUX,Luxembourg,2024,1.0,1.0,
LVA,Latvia,2006,7.930718857014915,7.445775204036997,7.123209970482475
LVA,Latvia,2007,7.0,7.136549937094771,5.86132098589228
LVA,Latvia,2008,8.0,7.0,7.323850110245599
LVA,Latvia,2009,11.0,8.0,11.390166515268753
LVA,Latvia,2010,11.0,8.25,11.0
LVA,Latvia,2011,10.0,8.5,10.5
LVA,Latvia,2012,10.0,8.13740373557118,10.0
LVA,Latvia,2013,9.0,9.0,8.0
LVA,Latvia,2014,8.0,8.0,7.0
LVA,Latvia,2015,7.0,7.0,6.75
LVA,Latvia,2016,7.0,7.0,6.5
LVA,Latvia,2017,7.0,7.0,5.892441857277942
LVA,Latvia,2018,7.0,7.0,6.0
LVA,Latvia,2019,7.0,7.0,5.5
LVA,Latvia,2020,7.0,7.0,5.0
LVA,Latvia,2021,6.452840782827296,7.0,5.0
LVA,Latvia,2022,6.452840782827296,7.0,5.0
LVA,Latvia,2023,6.766699547813725,7.0,5.5
LVA,Latvia,2024,7.080558312800156,7.0,6.0
MAR,Morocco,2006,10.0,11.0,10.610389610389612
MAR,Morocco,2007,10.0,11.0,10.610389610389612
MAR,Morocco,2008,10.0,11.0,10.610389610389612
MAR,Morocco,2009,10.0,11.0,10.610389610389612
MAR,Morocco,2010,10.0,11.0,10.0
MAR,Morocco,2011,10.0,11.0,10.090909090909092
MAR,Morocco,2012,10.0,11.0,10.181818181818182
MAR,Morocco,2013,10.0,11.0,10.610389610389612
MAR,Morocco,2014,10.0,11.0,10.610389610389612
MAR,Morocco,2015,10.0,11.0,10.610389610389612
MAR,Morocco,2016,10.0,11.0,10.610389610389612
MAR,Morocco,2017,10.0,11.0,10.610389610389612
MAR,Morocco,2018,10.0,11.0,10.610389610389612
MAR,Morocco,2019,10.0,11.0,10.610389610389612
MAR,Morocco,2020,10.0,11.0,10.610389610389612
MAR,Morocco,2021,10.0,11.0,11.0
MAR,Morocco,2022,10.0,11.0,11.0
MAR,Morocco,2023,10.0,11.0,11.0
MAR,Morocco,2024,10.0,11.0,11.0
MDA,Moldova,2006,,16.0,16.0
MDA,Moldova,2007,,16.0,16.0
MDA,Moldova,2008,,16.0,16.0
MDA,Moldova,2009,,16.0,16.0
MDA,Moldova,2010,,16.0,16.0
MDA,Moldova,2011,,16.0,16.0
MDA,Moldova,2012,,16.0,16.0
MDA,Moldova,2013,,16.0,16.0
MDA,Moldova,2014,,16.0,16.0
MDA,Moldova,2015,,16.0,16.0
MDA,Moldova,2016,,16.0,16.0
MDA,Moldova,2017,,16.0,16.0
MDA,Moldova,2018,,16.0,16.0
MDA,Moldova,2019,,16.0,16.0
MDA,Moldova,2020,,16.0,16.0
MDA,Moldova,2021,,16.0,16.0
MDA,Moldova,2022,,16.0,16.0
MDA,Moldova,2023,,16.0,16.0
MDA,Moldova,2024,,16.0,16.0
MEX,Mexico,2006,9.039834846264744,7.559239884664381,8.597742953643092
MEX,Mexico,2007,9.0,7.46581031055775,8.633111367580245
MEX,Mexico,2008,8.0,6.935809298562607,8.25717792657269
MEX,Mexico,2009,9.0,6.946437902011384,9.0
MEX,Mexico,2010,9.0,7.300516621567958,8.75
MEX,Mexico,2011,9.0,7.654595341124532,8.5
MEX,Mexico,2012,9.0,7.46581031055775,8.633111367580245
MEX,Mexico,2013,8.0,7.297338139576961,8.0
MEX,Mexico,2014,8.0,7.0,8.142857142857142
MEX,Mexico,2015,8.0,7.0,8.285714285714286
MEX,Mexico,2016,8.0,7.0,8.212491445698557
MEX,Mexico,2017,8.0,7.0,8.212491445698557
MEX,Mexico,2018,8.0,7.0,8.212491445698557
MEX,Mexico,2019,9.0,7.0,8.957386115598293
MEX,Mexico,2020,10.0,8.0,9.0
MEX,Mexico,2021,9.993751048652712,8.0,9.0
MEX,Mexico,2022,10.920891448287533,9.0,9.0
MEX,Mexico,2023,10.901192367912689,9.0,8.9812703112886
MEX,Mexico,2024,10.901192367912689,9.0,8.9812703112886
MLT,Malta,2006,5.269224181745463,6.277777777777778,7.400275962986749
MLT,Malta,2007,5.0,6.0,7.400500574053215
MLT,Malta,2008,5.0,5.0,7.400500574053215
MLT,Malta,2009,5.0,5.333333333333333,7.400500574053215
MLT,Malta,2010,5.091774439474535,5.666666666666667,7.400424007547966
MLT,Malta,2011,5.0,6.0,7.400500574053215
MLT,Malta,2012,5.0,7.0,7.0
MLT,Malta,2013,5.0,7.0,8.0
MLT,Malta,2014,6.0,7.0,7.666666666666667
MLT,Malta,2015,6.0,7.0,7.333333333333333
MLT,Malta,2016,6.0,7.0,7.0
MLT,Malta,2017,6.0,7.0,7.399666283964524
MLT,Malta,2018,5.0,7.0,7.400500574053215
MLT,Malta,2019,5.0,6.0,7.400500574053215
MLT,Malta,2020,5.0,6.0,7.400500574053215
MLT,Malta,2021,5.18856520798595,6.0,7.40034325596912
MLT,Malta,2022,5.18856520798595,6.0,7.40034325596912
MLT,Malta,2023,5.18856520798595,6.0,7.40034325596912
MLT,Malta,2024,5.18856520798595,6.0,7.40034325596912
MNE,Montenegro,2006,,13.425636137801872,14.000820705167724
MNE,Montenegro,2007,,13.425636137801872,14.000820705167724
MNE,Montenegro,2008,,12.0,12.146157491204848
MNE,Montenegro,2009,,13.0,13.447094781432703
MNE,Montenegro,2010,,13.0,12.0
MNE,Montenegro,2011,,13.0,12.5
MNE,Montenegro,2012,,13.015435587481806,13.0
MNE,Montenegro,2013,,13.220378755149994,13.5
MNE,Montenegro,2014,,13.0,14.0
MNE,Montenegro,2015,,13.5,14.142857142857142
MNE,Montenegro,2016,,14.0,14.285714285714286
MNE,Montenegro,2017,,14.0,14.748032071660562
MNE,Montenegro,2018,,14.0,14.748032071660562
MNE,Montenegro,2019,,14.0,14.748032071660562
MNE,Montenegro,2020,,14.0,14.748032071660562
MNE,Montenegro,2021,,14.0,15.0
MNE,Montenegro,2022,,14.0,15.0
MNE,Montenegro,2023,,13.5,15.0
MNE,Montenegro,2024,,13.0,15.0
MNG,Mongolia,2006,14.689529776160558,14.938208901627306,14.33982030117481
MNG,Mongolia,2007,14.0,13.696071282550456,13.0
MNG,Mongolia,2008,14.0,13.752700652925142,13.142857142857142
MNG,Mongolia,2009,15.0,14.0,13.285714285714286
MNG,Mongolia,2010,14.0,14.0,13.699044704874876
MNG,Mongolia,2011,14.0,14.0,13.699044704874876
MNG,Mongolia,2012,14.0,13.969494146907966,13.685932299354707
MNG,Mongolia,2013,14.0,13.969494146907966,13.685932299354707
MNG,Mongolia,2014,14.0,14.0,14.0
MNG,Mongolia,2015,15.0,14.5,15.0
MNG,Mongolia,2016,15.0,15.0,16.0
MNG,Mongolia,2017,16.0,17.0,15.5
MNG,Mongolia,2018,15.0,16.0,15.0
MNG,Mongolia,2019,15.0,16.0,14.833333333333334
MNG,Mongolia,2020,15.150104646860436,16.0,14.666666666666666
MNG,Mongolia,2021,15.202051851134248,16.0,14.97274666137201
MNG,Mongolia,2022,15.202051851134248,16.0,14.97274666137201
MNG,Mongolia,2023,15.202051851134248,16.0,14.97274666137201
MNG,Mongolia,2024,14.65527577062689,15.0,14.0
MOZ,Mozambique,2006,15.793221501326467,16.61531944482194,16.34078482333746
MOZ,Mozambique,2007,11.180132050877456,15.437398140332624,14.0
MOZ,Mozambique,2008,11.462066489728446,15.509392013804836,14.142857142857142
MOZ,Mozambique,2009,11.744000928579442,15.581385887277047,14.285714285714286
MOZ,Mozambique,2010,15.793221501326467,16.61531944482194,16.34078482333746
MOZ,Mozambique,2011,15.0,16.408467537868223,16.116053678063693
MOZ,Mozambique,2012,15.0,16.408467537868223,16.116053678063693
MOZ,Mozambique,2013,4.0,14.0,12.998615806029846
MOZ,Mozambique,2014,14.0,14.5,15.0
MOZ,Mozambique,2015,14.0,15.0,16.0
MOZ,Mozambique,2016,15.0,16.0,20.0
MOZ,Mozambique,2017,22.0,17.0,19.0
MOZ,Mozambique,2018,22.0,18.0,18.0
MOZ,Mozambique,2019,22.0,19.0,17.0
MOZ,Mozambique,2020,20.33333333333333,18.666666666666668,17.62521942240059
MOZ,Mozambique,2021,18.666666666666668,18.33333333333333,17.152813170900142
MOZ,Mozambique,2022,17.0,18.0,16.680406919399694
MOZ,Mozambique,2023,19.305344552038157,18.0,17.334823069970295
MOZ,Mozambique,2024,15.793221501326467,16.61531944482194,16.34078482333746
MUS,Mauritius,2006,,8.5875,10.0
MUS,Mauritius,2007,,9.0,10.0
MUS,Mauritius,2008,,8.8,10.0
MUS,Mauritius,2009,,8.6,10.0
MUS,Mauritius,2010,,8.5875,10.0
MUS,Mauritius,2011,,8.5875,10.0
MUS,Mauritius,2012,,8.0,10.0
MUS,Mauritius,2013,,8.0,10.0
MUS,Mauritius,2014,,8.0,10.0
MUS,Mauritius,2015,,8.0,10.0
MUS,Mauritius,2016,,8.0,10.0
MUS,Mauritius,2017,,8.0,10.0
MUS,Mauritius,2018,,8.0,10.0
MUS,Mauritius,2019,,8.0,10.0
MUS,Mauritius,2020,,8.0,10.0
MUS,Mauritius,2021,,9.0,10.0
MUS,Mauritius,2022,,10.0,10.0
MUS,Mauritius,2023,,10.0,10.0
MUS,Mauritius,2024,,10.0,10.0
MYS,Malaysia,2006,7.0,7.0,7.0
MYS,Malaysia,2007,7.0,7.0,7.0
MYS,Malaysia,2008,7.0,7.0,7.0
MYS,Malaysia,2009,7.0,7.0,7.0
MYS,Malaysia,2010,7.0,7.0,7.0
MYS,Malaysia,2011,7.0,7.0,7.0
MYS,Malaysia,2012,7.0,7.0,7.0
MYS,Malaysia,2013,7.0,7.0,7.0
MYS,Malaysia,2014,7.0,7.0,7.0
MYS,Malaysia,2015,7.0,7.0,7.0
MYS,Malaysia,2016,7.0,7.0,7.0
MYS,Malaysia,2017,7.0,7.0,7.0
MYS,Malaysia,2018,7.0,7.0,7.0
MYS,Malaysia,2019,7.0,7.0,7.0
MYS,Malaysia,2020,7.0,7.0,7.0
MYS,Malaysia,2021,7.0,7.0,7.0
MYS,Malaysia,2022,7.0,7.0,7.0
MYS,Malaysia,2023,7.0,7.0,7.0
MYS,Malaysia,2024,7.0,7.0,7.0
NAM,Namibia,2006,,12.400250263779128,14.961307131866796
NAM,Namibia,2007,,12.400250263779128,14.961307131866796
NAM,Namibia,2008,,12.400250263779128,14.961307131866796
NAM,Namibia,2009,,12.400250263779128,14.961307131866796
NAM,Namibia,2010,,12.407551197710044,10.0
NAM,Namibia,2011,,12.401664899009427,14.0
NAM,Namibia,2012,,12.401664899009427,14.0
NAM,Namibia,2013,,12.401664899009427,14.0
NAM,Namibia,2014,,12.400193324334277,15.0
NAM,Namibia,2015,,12.400193324334277,15.0
NAM,Namibia,2016,,10.0,15.0
NAM,Namibia,2017,,11.0,15.0
NAM,Namibia,2018,,11.6,15.0
NAM,Namibia,2019,,12.2,18.0
NAM,Namibia,2020,,12.392835450958504,20.0
NAM,Namibia,2021,,12.397985962321544,16.5
NAM,Namibia,2022,,14.0,13.0
NAM,Namibia,2023,,14.0,14.95980348900098
NAM,Namibia,2024,,14.0,14.95980348900098
NGA,Nigeria,2006,,,13.0
NGA,Nigeria,2007,,,13.0
NGA,Nigeria,2008,,,13.0
NGA,Nigeria,2009,,,13.0
NGA,Nigeria,2010,,,13.0
NGA,Nigeria,2011,,,13.0
NGA,Nigeria,2012,,,13.0
NGA,Nigeria,2013,,,13.0
NGA,Nigeria,2014,,,13.0
NGA,Nigeria,2015,,,13.0
NGA,Nigeria,2016,,,14.0
NGA,Nigeria,2017,,,14.0
NGA,Nigeria,2018,,,14.0
NGA,Nigeria,2019,,,14.0
NGA,Nigeria,2020,,,15.0
NGA,Nigeria,2021,,,15.5
NGA,Nigeria,2022,,,16.0
NIC,Nicaragua,2006,14.6,15.533333333333331,15.0
NIC,Nicaragua,2007,14.6,15.533333333333331,15.0
NIC,Nicaragua,2008,14.6,15.533333333333331,15.0
NIC,Nicaragua,2009,14.6,15.533333333333331,15.0
NIC,Nicaragua,2010,14.6,16.0,15.0
NIC,Nicaragua,2011,14.6,16.0,15.0
NIC,Nicaragua,2012,14.6,16.0,15.0
NIC,Nicaragua,2013,14.6,16.0,15.0
NIC,Nicaragua,2014,14.6,15.5,15.0
NIC,Nicaragua,2015,14.0,15.0,15.0
NIC,Nicaragua,2016,14.0,15.0,15.0
NIC,Nicaragua,2017,14.0,15.0,15.0
NIC,Nicaragua,2018,15.0,15.0,15.0
NIC,Nicaragua,2019,16.0,15.0,15.0
NIC,Nicaragua,2020,14.6,16.0,15.0
NIC,Nicaragua,2021,14.6,16.0,15.0
NIC,Nicaragua,2022,14.6,16.0,15.0
NIC,Nicaragua,2023,14.6,15.5,15.0
NIC,Nicaragua,2024,14.6,15.0,15.0
NLD,Netherlands,2006,1.0,1.0,1.5
NLD,Netherlands,2007,1.0,1.0,1.5
NLD,Netherlands,2008,1.0,1.0,1.5
NLD,Netherlands,2009,1.0,1.0,1.5
NLD,Netherlands,2010,1.0,1.0,1.5
NLD,Netherlands,2011,1.0,1.0,1.5
NLD,Netherlands,2012,1.0,1.0,1.5
NLD,Netherlands,2013,1.0,1.0,2.0
NLD,Netherlands,2014,1.0,1.0,1.5
NLD,Netherlands,2015,1.0,1.0,1.0
NLD,Netherlands,2016,1.0,1.0,1.5
NLD,Netherlands,2017,1.0,1.0,1.5
NLD,Netherlands,2018,1.0,1.0,1.5
NLD,Netherlands,2019,1.0,1.0,1.5
NLD,Netherlands,2020,1.0,1.0,1.5
NLD,Netherlands,2021,1.0,1.0,1.5
NLD,Netherlands,2022,1.0,1.0,1.5
NLD,Netherlands,2023,1.0,1.0,1.5
NLD,Netherlands,2024,1.0,1.0,1.5
NOR,Norway,2006,1.0,1.0,
NOR,Norway,2007,1.0,1.0,
NOR,Norway,2008,1.0,1.0,
NOR,Norway,2009,1.0,1.0,
NOR,Norway,2010,1.0,1.0,
NOR,Norway,2011,1.0,1.0,
NOR,Norway,2012,1.0,1.0,
NOR,Norway,2013,1.0,1.0,
NOR,Norway,2014,1.0,1.0,
NOR,Norway,2015,1.0,1.0,
NOR,Norway,2016,1.0,1.0,
NOR,Norway,2017,1.0,1.0,
NOR,Norway,2018,1.0,1.0,
NOR,Norway,2019,1.0,1.0,
NOR,Norway,2020,1.0,1.0,
NOR,Norway,2021,1.0,1.0,
NOR,Norway,2022,1.0,1.0,
NOR,Norway,2023,1.0,1.0,
NOR,Norway,2024,1.0,1.0,
NZL,New Zealand,2006,2.7857142857142856,1.0,2.5160495633657574
NZL,New Zealand,2007,2.7857142857142856,1.0,2.5160495633657574
NZL,New Zealand,2008,2.7857142857142856,1.0,2.5160495633657574
NZL,New Zealand,2009,2.0,1.0,1.117285720984429
NZL,New Zealand,2010,2.5,1.0,2.007408166136184
NZL,New Zealand,2011,3.0,1.0,3.0
NZL,New Zealand,2012,3.0,1.0,2.9
NZL,New Zealand,2013,3.0,1.0,2.8
NZL,New Zealand,2014,3.0,1.0,2.897530611287938
NZL,New Zealand,2015,3.0,1.0,2.897530611287938
NZL,New Zealand,2016,3.0,1.0,2.897530611287938
NZL,New Zealand,2017,3.0,1.0,2.897530611287938
NZL,New Zealand,2018,3.0,1.0,2.897530611287938
NZL,New Zealand,2019,3.0,1.0,2.897530611287938
NZL,New Zealand,2020,3.0,1.0,2.897530611287938
NZL,New Zealand,2021,2.5,1.0,2.0
NZL,New Zealand,2022,2.0,1.0,1.117285720984429
NZL,New Zealand,2023,2.7857142857142856,1.0,2.5160495633657574
NZL,New Zealand,2024,2.7857142857142856,1.0,2.5160495633657574
OMN,Oman,2006,7.440620246591845,7.0,8.248004690380268
OMN,Oman,2007,6.303597451986613,6.0,6.0
OMN,Oman,2008,6.142437623058123,5.666666666666667,6.125
OMN,Oman,2009,5.981277794129631,5.333333333333333,6.25
OMN,Oman,2010,5.83743238545298,5.0,6.444491654169482
OMN,Oman,2011,5.83743238545298,5.0,6.444491654169482
OMN,Oman,2012,5.83743238545298,5.0,6.444491654169482
OMN,Oman,2013,8.525129682068139,8.352941176470592,9.468028214875805
OMN,Oman,2014,8.525129682068139,8.352941176470592,9.468028214875805
OMN,Oman,2015,5.975841883227429,5.0,7.0
OMN,Oman,2016,7.87714436495611,7.0,10.0
OMN,Oman,2017,9.0,9.0,11.0
OMN,Oman,2018,10.0,10.0,11.666666666666666
OMN,Oman,2019,11.0,11.0,12.333333333333334
OMN,Oman,2020,12.0,12.0,13.0
OMN,Oman,2021,12.0,13.0,14.0
OMN,Oman,2022,12.0,13.0,13.0
OMN,Oman,2023,11.260030090646469,12.0,12.0
OMN,Oman,2024,10.43395798420316,11.0,11.0
PAK,Pakistan,2006,13.997660215767992,14.0,17.093650560345516
PAK,Pakistan,2007,14.414000816382924,14.5,16.757232575734545
PAK,Pakistan,2008,14.830341416997824,15.0,16.420814591123566
PAK,Pakistan,2009,15.028007646647168,15.5,16.0
PAK,Pakistan,2010,15.945870726223037,16.0,15.857142857142858
PAK,Pakistan,2011,15.970411257174462,16.15321615419794,15.714285714285714
PAK,Pakistan,2012,16.495703819457532,17.0,15.075142652679684
PAK,Pakistan,2013,16.495703819457532,17.0,15.075142652679684
PAK,Pakistan,2014,16.495703819457532,17.0,15.075142652679684
PAK,Pakistan,2015,15.0,17.0,14.616743332510152
PAK,Pakistan,2016,15.0,16.5,15.0
PAK,Pakistan,2017,15.0,16.0,15.333333333333334
PAK,Pakistan,2018,15.0,16.0,15.666666666666666
PAK,Pakistan,2019,16.0,16.0,16.0
PAK,Pakistan,2020,16.0,16.0,16.0
PAK,Pakistan,2021,16.5,16.0,16.0
PAK,Pakistan,2022,17.0,16.0,16.0
PAK,Pakistan,2023,19.0,19.0,14.0046060458054
PAK,Pakistan,2024,17.328385020687378,18.0,14.402306683457738
PAN,Panama,2006,3.749121370693016,5.905399499437387,9.11410617493474
PAN,Panama,2007,3.749121370693016,5.905399499437387,9.11410617493474
PAN,Panama,2008,11.0,5.947341867438922,9.290043118780735
PAN,Panama,2009,10.5,5.944449622996644,9.277911006911342
PAN,Panama,2010,10.0,10.0,10.0
PAN,Panama,2011,1.0,9.5,9.5
PAN,Panama,2012,1.0,9.0,9.0
PAN,Panama,2013,1.0,9.0,8.857142857142858
PAN,Panama,2014,1.0,9.0,8.714285714285714
PAN,Panama,2015,1.0,9.0,9.017577173063634
PAN,Panama,2016,1.0,1.0,9.09428170123542
PAN,Panama,2017,1.0,1.0,9.09428170123542
PAN,Panama,2018,1.0,1.0,9.09428170123542
PAN,Panama,2019,1.0,8.0,8.0
PAN,Panama,2020,2.0,1.0,9.0
PAN,Panama,2021,10.0,9.0,9.0
PAN,Panama,2022,3.738160419054839,1.0,9.0
PAN,Panama,2023,3.758145681379727,10.0,9.0
PAN,Panama,2024,3.73875720134671,1.0,10.0
PER,Peru,2006,11.0,9.994580088252542,9.687187105658538
PER,Peru,2007,11.0,12.0,9.781527707027635
PER,Peru,2008,10.0,11.0,9.18099971887831
PER,Peru,2009,10.0,10.0,9.133956902151269
PER,Peru,2010,10.0,9.666666666666666,9.118275963242256
PER,Peru,2011,10.0,9.333333333333334,9.0
PER,Peru,2012,9.0,9.0,8.5
PER,Peru,2013,8.0,8.0,8.0
PER,Peru,2014,8.0,7.0,8.0
PER,Peru,2015,8.0,7.0,8.0
PER,Peru,2016,8.0,7.0,7.885858109125578
PER,Peru,2017,8.0,7.0,7.885858109125578
PER,Peru,2018,8.0,7.0,7.885858109125578
PER,Peru,2019,8.0,7.0,7.885858109125578
PER,Peru,2020,8.0,7.0,7.885858109125578
PER,Peru,2021,9.0,7.0,8.0
PER,Peru,2022,9.86270660823529,7.5,9.0
PER,Peru,2023,10.669221051430863,8.0,9.5
PER,Peru,2024,11.498701700099748,8.0,10.0
PHL,Philippines,2006,12.0,11.331878317838113,11.796820168699243
PHL,Philippines,2007,11.8,11.170753632691673,11.54103139204781
PHL,Philippines,2008,11.6,11.009628947545227,11.28524261539637
PHL,Philippines,2009,12.556105157081207,13.0,13.319229515540687
PHL,Philippines,2010,11.286985298226206,12.5,12.0
PHL,Philippines,2011,11.0,12.0,11.5
PHL,Philippines,2012,11.0,11.0,11.0
PHL,Philippines,2013,11.0,10.0,10.0
PHL,Philippines,2014,10.0,9.0,9.0
PHL,Philippines,2015,10.0,9.0,8.8
PHL,Philippines,2016,10.0,9.0,8.6
PHL,Philippines,2017,10.0,9.0,8.759825475220797
PHL,Philippines,2018,9.0,9.0,8.01649484478914
PHL,Philippines,2019,9.0,9.0,8.0
PHL,Philippines,2020,9.0,9.0,8.0
PHL,Philippines,2021,9.00846490852476,9.0,8.0
PHL,Philippines,2022,9.801268609576994,9.0,8.612102345491104
PHL,Philippines,2023,9.801268609576994,9.0,8.612102345491104
PHL,Philippines,2024,9.00846490852476,9.0,8.0
PNG,Papua New Guinea,2006,8.44312797520422,14.707388965578517,14.596077968927164
PNG,Papua New Guinea,2007,15.0,14.539794042590888,14.0
PNG,Papua New Guinea,2008,14.0,14.565352239148597,14.090909090909092
PNG,Papua New Guinea,2009,13.000006472675494,14.590910270781212,14.181818181818182
PNG,Papua New Guinea,2010,8.44312797520422,14.707388965578517,14.596077968927164
PNG,Papua New Guinea,2011,8.44312797520422,14.707388965578517,14.596077968927164
PNG,Papua New Guinea,2012,8.44312797520422,14.707388965578517,14.596077968927164
PNG,Papua New Guinea,2013,8.44312797520422,14.707388965578517,14.596077968927164
PNG,Papua New Guinea,2014,8.44312797520422,14.707388965578517,14.596077968927164
PNG,Papua New Guinea,2015,35.112617367719736,14.0,12.17881202066284
PNG,Papua New Guinea,2016,35.112617367719736,14.0,12.17881202066284
PNG,Papua New Guinea,2017,16.34449108644256,14.5,13.879299763426964
PNG,Papua New Guinea,2018,3.4868392028977557,15.0,15.0
PNG,Papua New Guinea,2019,-1.6102647659004106,15.0,15.5
PNG,Papua New Guinea,2020,-6.707368734698576,15.0,16.0
PNG,Papua New Guinea,2021,-6.707368734698576,15.0,16.0
PNG,Papua New Guinea,2022,-2.42363519483456,15.0,15.579787506191083
PNG,Papua New Guinea,2023,-2.42363519483456,15.0,15.579787506191083
PNG,Papua New Guinea,2024,-2.42363519483456,15.0,15.579787506191083
POL,Poland,2006,7.0,6.0,7.305555555555554
POL,Poland,2007,7.0,6.0,7.0
POL,Poland,2008,7.0,6.0,7.111111111111111
POL,Poland,2009,7.0,6.0,7.222222222222222
POL,Poland,2010,7.0,6.0,7.305555555555554
POL,Poland,2011,7.0,6.0,7.305555555555554
POL,Poland,2012,7.0,6.0,7.305555555555554
POL,Poland,2013,7.0,6.0,7.305555555555554
POL,Poland,2014,7.0,6.0,7.305555555555554
POL,Poland,2015,7.0,6.0,7.305555555555554
POL,Poland,2016,7.0,6.0,8.0
POL,Poland,2017,7.0,6.0,7.5
POL,Poland,2018,7.0,6.0,7.0
POL,Poland,2019,7.0,6.0,7.305555555555554
POL,Poland,2020,7.0,6.0,7.305555555555554
POL,Poland,2021,7.0,6.0,7.305555555555554
POL,Poland,2022,7.0,6.0,7.305555555555554
POL,Poland,2023,7.0,6.0,7.305555555555554
POL,Poland,2024,7.0,6.0,7.305555555555554
PRT,Portugal,2006,7.968768488556689,8.778442363413278,8.7226294808886
PRT,Portugal,2007,3.0,3.64456766010665,5.300080022287922
PRT,Portugal,2008,3.0,3.64456766010665,5.300080022287922
PRT,Portugal,2009,3.0,3.64456766010665,5.300080022287922
PRT,Portugal,2010,4.0,5.0,6.107090589130912
PRT,Portugal,2011,7.0,7.0,10.0
PRT,Portugal,2012,11.0,13.0,12.0
PRT,Portugal,2013,11.0,13.0,11.666666666666666
PRT,Portugal,2014,11.0,12.0,11.333333333333334
PRT,Portugal,2015,11.0,11.666666666666666,11.0
PRT,Portugal,2016,11.0,11.333333333333334,10.5
PRT,Portugal,2017,11.0,11.0,10.0
PRT,Portugal,2018,9.0,10.0,9.5
PRT,Portugal,2019,9.0,10.0,9.0
PRT,Portugal,2020,9.0,9.5,8.666666666666666
PRT,Portugal,2021,8.5,9.0,8.333333333333334
PRT,Portugal,2022,8.0,9.0,8.0
PRT,Portugal,2023,8.033755086104232,9.0,8.0
PRT,Portugal,2024,5.904077707916004,6.578259561118881,7.0
PRY,Paraguay,2006,12.700806429109988,12.088235294117643,12.1121527115966
PRY,Paraguay,2007,12.700806429109988,12.088235294117643,12.1121527115966
PRY,Paraguay,2008,16.868453752233734,16.0,13.905256084116028
PRY,Paraguay,2009,15.80304015083368,15.0,13.44686875580279
PRY,Paraguay,2010,14.737626549433628,14.0,12.988481427489551
PRY,Paraguay,2011,14.720173334244848,13.666666666666666,13.0
PRY,Paraguay,2012,13.994010278564703,13.333333333333334,12.666666666666666
PRY,Paraguay,2013,13.0,13.0,12.333333333333334
PRY,Paraguay,2014,13.0,12.0,12.0
PRY,Paraguay,2015,12.0,11.0,11.9
PRY,Paraguay,2016,12.0,11.0,11.8
PRY,Paraguay,2017,12.0,11.0,11.75723427205883
PRY,Paraguay,2018,11.0,11.0,11.442335725816124
PRY,Paraguay,2019,11.0,11.0,11.442335725816124
PRY,Paraguay,2020,11.541385745233466,11.0,11.61331944254984
PRY,Paraguay,2021,11.541385745233466,11.0,11.61331944254984
PRY,Paraguay,2022,11.541385745233466,11.0,11.61331944254984
PRY,Paraguay,2023,11.008678944533436,10.5,11.384125778393225
PRY,Paraguay,2024,10.157569049325488,10.0,11.0
QAT,Qatar,2006,4.110636972303241,4.0,3.5797515735122056
QAT,Qatar,2007,3.015064930272047,3.0,3.0395289835817647
QAT,Qatar,2008,3.015064930272047,3.0,3.0395289835817647
QAT,Qatar,2009,3.015064930272047,3.0,3.0395289835817647
QAT,Qatar,2010,3.7582745775756927,3.2992667545408216,3.0
QAT,Qatar,2011,3.666846764591388,3.391305268329931,3.142857142857143
QAT,Qatar,2012,3.575418951607084,3.4833437821190407,3.2857142857142856
QAT,Qatar,2013,3.59719748619223,3.518495878681755,3.312810099534271
QAT,Qatar,2014,3.59719748619223,3.518495878681755,3.312810099534271
QAT,Qatar,2015,3.0,3.1405141326000297,3.1882836104451124
QAT,Qatar,2016,3.0,3.0,3.0448471947510667
QAT,Qatar,2017,3.0,4.0,4.0
QAT,Qatar,2018,4.0,4.0,3.8
QAT,Qatar,2019,4.0,4.0,3.6
QAT,Qatar,2020,4.0,4.0,3.628810098416567
QAT,Qatar,2021,4.110636972303241,4.0,3.5797515735122056
QAT,Qatar,2022,5.30743235451136,4.0,3.0
QAT,Qatar,2023,3.562850951287645,3.5,3.3096402785469845
QAT,Qatar,2024,3.015064930272047,3.0,3.0395289835817647
ROU,Romania,2006,9.0,10.0,10.357970044447365
ROU,Romania,2007,9.0,10.0,10.357970044447365
ROU,Romania,2008,9.0,10.0,11.0
ROU,Romania,2009,10.0,10.0,10.833333333333334
ROU,Romania,2010,11.0,10.0,10.666666666666666
ROU,Romania,2011,10.0,10.0,10.357126839713466
ROU,Romania,2012,10.0,10.0,10.357126839713466
ROU,Romania,2013,10.0,10.0,10.357126839713466
ROU,Romania,2014,10.0,10.0,10.0
ROU,Romania,2015,10.0,10.0,10.0
ROU,Romania,2016,10.0,10.0,10.0
ROU,Romania,2017,10.0,10.0,10.357126839713466
ROU,Romania,2018,10.0,10.0,10.357126839713466
ROU,Romania,2019,10.0,10.0,10.357126839713466
ROU,Romania,2020,10.0,10.0,10.357126839713466
ROU,Romania,2021,9.867028728342197,10.0,10.0
ROU,Romania,2022,9.866689295521386,10.0,10.35723924793056
ROU,Romania,2023,9.866689295521386,10.0,10.35723924793056
ROU,Romania,2024,9.866689295521386,10.0,10.35723924793056
RUS,Russia,2006,8.0,7.787465058373261,9.670620411605668
RUS,Russia,2007,8.0,7.787465058373261,9.670620411605668
RUS,Russia,2008,8.0,8.0,9.0
RUS,Russia,2009,9.0,8.0,9.166666666666666
RUS,Russia,2010,9.0,8.0,9.333333333333334
RUS,Russia,2011,9.0,8.855270990725092,9.88083859490516
RUS,Russia,2012,9.0,8.855270990725092,9.88083859490516
RUS,Russia,2013,9.0,8.0,9.74623762161174
RUS,Russia,2014,9.0,8.0,10.0
RUS,Russia,2015,10.0,10.0,11.0
RUS,Russia,2016,10.0,11.0,10.666666666666666
RUS,Russia,2017,10.0,11.0,10.333333333333334
RUS,Russia,2018,10.0,11.0,10.0
RUS,Russia,2019,10.0,10.0,10.25
RUS,Russia,2020,9.0,10.0,10.5
RUS,Russia,2021,12.0,10.0,10.18750049504874
RUS,Russia,2022,15.0,16.0,11.0
RUS,Russia,2023,9.64705882352941,9.546204241070392,10.01686212527542
RUS,Russia,2024,9.64705882352941,9.546204241070392,10.01686212527542
SAU,Saudi Arabia,2006,5.0,6.0,5.814197107581961
SAU,Saudi Arabia,2007,5.0,5.0,4.0
SAU,Saudi Arabia,2008,4.0,4.666666666666667,4.125
SAU,Saudi Arabia,2009,4.0,4.333333333333333,4.25
SAU,Saudi Arabia,2010,4.0,4.0,5.662257214662741
SAU,Saudi Arabia,2011,4.0,4.0,5.662257214662741
SAU,Saudi Arabia,2012,4.0,4.0,5.662257214662741
SAU,Saudi Arabia,2013,4.0,4.305001923956023,5.652800427707742
SAU,Saudi Arabia,2014,3.0,3.772463342330159,5.455360920168892
SAU,Saudi Arabia,2015,3.0,4.0,5.0
SAU,Saudi Arabia,2016,4.0,4.0,7.0
SAU,Saudi Arabia,2017,5.0,4.5,7.0
SAU,Saudi Arabia,2018,5.0,5.0,7.0
SAU,Saudi Arabia,2019,5.0,5.0,5.845202770865457
SAU,Saudi Arabia,2020,6.0,5.0,6.05915399035167
SAU,Saudi Arabia,2021,5.666666666666667,5.0,5.9878369171896
SAU,Saudi Arabia,2022,5.333333333333333,5.0,7.0
SAU,Saudi Arabia,2023,5.0,5.0,6.0
SAU,Saudi Arabia,2024,3.980542528875951,4.0,6.0
SEN,Senegal,2011,,14.0,
SEN,Senegal,2012,,14.0,
SEN,Senegal,2013,,14.0,
SEN,Senegal,2014,,14.0,
SEN,Senegal,2015,,14.0,
SEN,Senegal,2016,,14.0,
SEN,Senegal,2017,,13.0,
SEN,Senegal,2018,,13.0,
SEN,Senegal,2019,,13.0,
SEN,Senegal,2020,,13.0,
SEN,Senegal,2021,,13.0,
SEN,Senegal,2022,,13.0,
SEN,Senegal,2023,,13.5,
SEN,Senegal,2024,,14.0,
SGP,Singapore,2006,1.0,1.0,
SGP,Singapore,2007,1.0,1.0,
SGP,Singapore,2008,1.0,1.0,
SGP,Singapore,2009,1.0,1.0,
SGP,Singapore,2010,1.0,1.0,
SGP,Singapore,2011,1.0,1.0,
SGP,Singapore,2012,1.0,1.0,
SGP,Singapore,2013,1.0,1.0,
SGP,Singapore,2014,1.0,1.0,
SGP,Singapore,2015,1.0,1.0,
SGP,Singapore,2016,1.0,1.0,
SGP,Singapore,2017,1.0,1.0,
SGP,Singapore,2018,1.0,1.0,
SGP,Singapore,2019,1.0,1.0,
SGP,Singapore,2020,1.0,1.0,
SGP,Singapore,2021,1.0,1.0,
SGP,Singapore,2022,1.0,1.0,
SGP,Singapore,2023,1.0,1.0,
SGP,Singapore,2024,1.0,1.0,
SLV,El Salvador,2006,14.714265133415912,14.587297101825447,15.098977433836296
SLV,El Salvador,2007,14.714265133415912,14.587297101825447,15.098977433836296
SLV,El Salvador,2008,11.0,11.484050731032694,13.06307099451714
SLV,El Salvador,2009,12.0,11.0,12.601108981551056
SLV,El Salvador,2010,12.0,11.5,12.98385223186689
SLV,El Salvador,2011,12.0,12.0,13.0
SLV,El Salvador,2012,12.0,13.0,13.333333333333334
SLV,El Salvador,2013,13.0,13.0,13.666666666666666
SLV,El Salvador,2014,13.0,13.0,14.0
SLV,El Salvador,2015,14.0,13.0,14.5
SLV,El Salvador,2016,14.0,14.0,15.0
SLV,El Salvador,2017,15.0,17.0,19.0
SLV,El Salvador,2018,16.0,16.0,16.0
SLV,El Salvador,2019,16.0,16.0,16.0
SLV,El Salvador,2020,16.0,16.0,16.0
SLV,El Salvador,2021,17.0,16.0,16.0
SLV,El Salvador,2022,18.0,19.0,17.0
SLV,El Salvador,2023,22.0,19.0,17.81072385920772
SLV,El Salvador,2024,17.142507268070606,17.0,16.723860308074244
SUR,Suriname,2006,16.68466964983304,14.935515276648708,15.129261949895287
SUR,Suriname,2007,16.68466964983304,14.935515276648708,15.129261949895287
SUR,Suriname,2008,16.68466964983304,14.935515276648708,15.129261949895287
SUR,Suriname,2009,15.0,14.152123922355353,14.591275000460556
SUR,Suriname,2010,14.5,13.918876247680604,14.43136608958823
SUR,Suriname,2011,14.0,13.39724425634348,13.0
SUR,Suriname,2012,13.0,13.0,13.2
SUR,Suriname,2013,13.0,13.0,13.4
SUR,Suriname,2014,13.0,13.0,13.881456793497668
SUR,Suriname,2015,13.0,13.5,14.04159354114039
SUR,Suriname,2016,14.0,14.0,14.0
SUR,Suriname,2017,16.0,14.0,15.0
SUR,Suriname,2018,16.0,15.0,15.666666666666666
SUR,Suriname,2019,16.0,15.0,16.333333333333332
SUR,Suriname,2020,18.0,16.0,17.0
SUR,Suriname,2021,22.0,17.0,17.0
SUR,Suriname,2022,23.111090468903413,18.0,17.0
SUR,Suriname,2023,25.363251723291263,19.0,17.0
SUR,Suriname,2024,20.980372205134287,17.0,16.52249977363786
SVK,Slovakia,2006,3.0,3.0,3.0
SVK,Slovakia,2007,6.0,3.6666666666666665,4.0
SVK,Slovakia,2008,6.0,4.333333333333333,5.0
SVK,Slovakia,2009,5.333333333333333,5.0,4.666666666666667
SVK,Slovakia,2010,4.666666666666667,4.5,4.333333333333333
SVK,Slovakia,2011,4.0,4.0,4.0
SVK,Slovakia,2012,6.0,6.0,5.0
SVK,Slovakia,2013,7.0,11.0,7.0
SVK,Slovakia,2014,8.0,11.0,6.0
SVK,Slovakia,2015,8.0,10.0,5.0
SVK,Slovakia,2016,8.0,10.0,6.0
SVK,Slovakia,2017,7.0,8.0,5.0
SVK,Slovakia,2018,7.0,6.0,4.5
SVK,Slovakia,2019,7.0,8.0,4.0
SVK,Slovakia,2020,6.0,7.0,4.5
SVK,Slovakia,2021,5.909426864605518,6.0,5.0
SVK,Slovakia,2022,6.314559956974891,7.0,5.0
SVK,Slovakia,2023,5.909426864605518,6.0,5.0
SVK,Slovakia,2024,6.214415446531371,7.0,4.0
SVN,Slovenia,2006,3.0,5.0,3.0
SVN,Slovenia,2007,6.0,5.0,4.0
SVN,Slovenia,2008,6.0,5.0,5.0
SVN,Slovenia,2009,5.666666666666667,5.0,4.666666666666667
SVN,Slovenia,2010,5.333333333333333,4.5,4.333333333333333
SVN,Slovenia,2011,5.0,4.0,4.0
SVN,Slovenia,2012,5.0,6.0,6.0
SVN,Slovenia,2013,5.0,6.0,7.0
SVN,Slovenia,2014,5.0,11.0,6.0
SVN,Slovenia,2015,5.0,10.0,5.0
SVN,Slovenia,2016,5.0,10.0,6.0
SVN,Slovenia,2017,5.0,6.0,5.0
SVN,Slovenia,2018,5.0,6.0,4.5
SVN,Slovenia,2019,5.0,6.0,4.0
SVN,Slovenia,2020,6.0,7.0,4.5
SVN,Slovenia,2021,5.133500726001455,6.0,5.0
SVN,Slovenia,2022,5.133500726001455,6.0,5.0
SVN,Slovenia,2023,5.133500726001455,6.0,5.0
SVN,Slovenia,2024,5.132758094496003,7.0,4.0
SWE,Sweden,2006,1.0,1.0,
SWE,Sweden,2007,1.0,1.0,
SWE,Sweden,2008,1.0,1.0,
SWE,Sweden,2009,1.0,1.0,
SWE,Sweden,2010,1.0,1.0,
SWE,Sweden,2011,1.0,1.0,
SWE,Sweden,2012,1.0,1.0,
SWE,Sweden,2013,1.0,1.0,
SWE,Sweden,2014,1.0,1.0,
SWE,Sweden,2015,1.0,1.0,
SWE,Sweden,2016,1.0,1.0,
SWE,Sweden,2017,1.0,1.0,
SWE,Sweden,2018,1.0,1.0,
SWE,Sweden,2019,1.0,1.0,
SWE,Sweden,2020,1.0,1.0,
SWE,Sweden,2021,1.0,1.0,
SWE,Sweden,2022,1.0,1.0,
SWE,Sweden,2023,1.0,1.0,
SWE,Sweden,2024,1.0,1.0,
THA,Thailand,2006,8.0,8.0,
THA,Thailand,2007,8.0,8.0,
THA,Thailand,2008,8.0,8.0,
THA,Thailand,2009,9.0,8.0,
THA,Thailand,2010,9.0,8.0,
THA,Thailand,2011,9.0,8.0,
THA,Thailand,2012,9.0,8.0,
THA,Thailand,2013,8.0,8.0,
THA,Thailand,2014,8.0,8.0,
THA,Thailand,2015,8.0,8.0,
THA,Thailand,2016,8.0,8.0,
THA,Thailand,2017,8.0,8.0,
THA,Thailand,2018,8.0,8.0,
THA,Thailand,2019,8.0,8.0,
THA,Thailand,2020,8.0,8.0,
THA,Thailand,2021,8.266666666666667,8.0,
THA,Thailand,2022,8.266666666666667,8.0,
THA,Thailand,2023,8.266666666666667,8.0,
THA,Thailand,2024,8.266666666666667,8.0,
TTO,Trinidad and Tobago,2006,,8.0,5.926010972267848
TTO,Trinidad and Tobago,2007,,8.0,5.926010972267848
TTO,Trinidad and Tobago,2008,,8.0,6.0
TTO,Trinidad and Tobago,2009,,8.287491657517474,6.125
TTO,Trinidad and Tobago,2010,,8.406106730909137,6.25
TTO,Trinidad and Tobago,2011,,9.834917552260386,7.754271127632336
TTO,Trinidad and Tobago,2012,,9.834917552260386,7.754271127632336
TTO,Trinidad and Tobago,2013,,8.0,5.926010972267848
TTO,Trinidad and Tobago,2014,,8.5,6.424196886155997
TTO,Trinidad and Tobago,2015,,9.0,6.922382800044144
TTO,Trinidad and Tobago,2016,,9.0,7.0
TTO,Trinidad and Tobago,2017,,11.0,8.0
TTO,Trinidad and Tobago,2018,,11.0,8.5
TTO,Trinidad and Tobago,2019,,11.0,9.0
TTO,Trinidad and Tobago,2020,,11.0,10.0
TTO,Trinidad and Tobago,2021,,12.0,10.0
TTO,Trinidad and Tobago,2022,,12.0,10.0
TTO,Trinidad and Tobago,2023,,12.0,9.911498283373032
TTO,Trinidad and Tobago,2024,,12.0,9.911498283373032
TUN,Tunisia,2006,14.01773734886268,14.107142857142854,14.422807973296836
TUN,Tunisia,2007,14.01773734886268,14.107142857142854,14.422807973296836
TUN,Tunisia,2008,14.01773734886268,14.107142857142854,14.422807973296836
TUN,Tunisia,2009,14.01773734886268,14.107142857142854,14.422807973296836
TUN,Tunisia,2010,14.01773734886268,14.107142857142854,14.422807973296836
TUN,Tunisia,2011,9.0,10.0,10.0
TUN,Tunisia,2012,10.0,10.5,12.0
TUN,Tunisia,2013,13.0,11.0,13.0
TUN,Tunisia,2014,13.0,12.0,13.302389590733698
TUN,Tunisia,2015,13.0,13.0,13.582494682350998
TUN,Tunisia,2016,13.0,13.0,13.582494682350998
TUN,Tunisia,2017,14.0,14.0,14.383556325385904
TUN,Tunisia,2018,14.0,15.0,14.663661417003205
TUN,Tunisia,2019,14.0,15.0,14.663661417003205
TUN,Tunisia,2020,14.0,15.0,14.663661417003205
TUN,Tunisia,2021,16.0,16.0,15.98567961145572
TUN,Tunisia,2022,18.0,17.0,17.307697805908234
TUN,Tunisia,2023,17.62416144203879,18.0,17.392007338480294
TUN,Tunisia,2024,17.62416144203879,18.0,17.392007338480294
TUR,Trkiye,2006,11.892559550947796,12.97590656316217,12.944204113020138
TUR,Trkiye,2007,13.0,14.688772712306388,13.831891344787508
TUR,Trkiye,2008,13.0,14.688772712306388,13.831891344787508
TUR,Trkiye,2009,13.0,14.688772712306388,13.831891344787508
TUR,Trkiye,2010,11.0,12.0,12.0
TUR,Trkiye,2011,11.0,11.5,11.666666666666666
TUR,Trkiye,2012,11.0,11.0,11.333333333333334
TUR,Trkiye,2013,10.0,10.0,11.0
TUR,Trkiye,2014,10.0,10.0,11.333333333333334
TUR,Trkiye,2015,10.0,10.0,11.666666666666666
TUR,Trkiye,2016,10.0,10.0,12.0
TUR,Trkiye,2017,11.0,11.0,12.5
TUR,Trkiye,2018,11.0,12.0,13.0
TUR,Trkiye,2019,12.0,14.0,13.333333333333334
TUR,Trkiye,2020,13.0,15.0,13.666666666666666
TUR,Trkiye,2021,13.5,15.0,14.0
TUR,Trkiye,2022,14.0,16.0,15.0
TUR,Trkiye,2023,13.832096118998589,16.0,15.0
TUR,Trkiye,2024,13.7339757980618,16.0,14.0
TWN,Taiwan,2006,4.609775732685639,4.0,2.4699211584489964
TWN,Taiwan,2007,4.609775732685639,4.0,2.4699211584489964
TWN,Taiwan,2008,4.609775732685639,4.0,2.4699211584489964
TWN,Taiwan,2009,5.0,4.0,2.341425714699635
TWN,Taiwan,2010,5.0,4.0,2.341425714699635
TWN,Taiwan,2011,5.0,4.0,2.341425714699635
TWN,Taiwan,2012,5.0,4.0,2.341425714699635
TWN,Taiwan,2013,5.0,4.0,2.341425714699635
TWN,Taiwan,2014,5.0,4.0,2.341425714699635
TWN,Taiwan,2015,5.0,4.0,2.341425714699635
TWN,Taiwan,2016,5.0,4.0,2.341425714699635
TWN,Taiwan,2017,4.0,4.0,2.6707118573419293
TWN,Taiwan,2018,4.0,4.0,2.6707118573419293
TWN,Taiwan,2019,4.0,4.0,2.6707118573419293
TWN,Taiwan,2020,3.5,4.0,2.8353549286630764
TWN,Taiwan,2021,3.0,4.0,3.0
TWN,Taiwan,2022,6.036860257598966,4.0,2.0
TWN,Taiwan,2023,4.609775732685639,4.0,2.4699211584489964
TWN,Taiwan,2024,4.609775732685639,4.0,2.4699211584489964
UKR,Ukraine,2006,13.0,14.208684567970527,12.90279409497051
UKR,Ukraine,2007,13.0,14.208684567970527,12.90279409497051
UKR,Ukraine,2008,13.0,14.0,12.670683421604268
UKR,Ukraine,2009,15.0,15.0,13.70840623984908
UKR,Ukraine,2010,16.0,15.333333333333334,14.0
UKR,Ukraine,2011,15.0,15.666666666666666,14.5
UKR,Ukraine,2012,15.0,16.0,15.0
UKR,Ukraine,2013,15.0,17.0,16.0
UKR,Ukraine,2014,16.0,18.0,17.0
UKR,Ukraine,2015,20.0,20.0,20.0
UKR,Ukraine,2016,18.0,19.0,18.75
UKR,Ukraine,2017,16.0,18.0,17.5
UKR,Ukraine,2018,16.0,17.0,15.895651724685871
UKR,Ukraine,2019,16.0,17.0,15.0
UKR,Ukraine,2020,15.0,16.0,15.333333333333334
UKR,Ukraine,2021,16.5,17.0,15.666666666666666
UKR,Ukraine,2022,18.0,18.0,16.0
UKR,Ukraine,2023,18.96597851425716,20.0,18.0
UKR,Ukraine,2024,19.499286677533952,20.547724355700467,20.0
URY,Uruguay,2006,14.0,14.0,15.010707776612673
URY,Uruguay,2007,13.0,13.666666666666666,15.31496783045266
URY,Uruguay,2008,13.0,13.333333333333334,14.649704759492549
URY,Uruguay,2009,13.0,13.0,13.984441688532437
URY,Uruguay,2010,12.0,11.0,10.96238638757186
URY,Uruguay,2011,11.0,10.5,11.0
URY,Uruguay,2012,11.0,10.0,10.0
URY,Uruguay,2013,10.0,9.5,9.666666666666666
URY,Uruguay,2014,10.0,9.0,9.333333333333334
URY,Uruguay,2015,10.0,9.0,9.0
URY,Uruguay,2016,10.0,9.0,8.875
URY,Uruguay,2017,10.0,9.0,8.75
URY,Uruguay,2018,10.0,9.0,8.909854211411394
URY,Uruguay,2019,10.0,9.0,8.909854211411394
URY,Uruguay,2020,10.0,9.0,8.909854211411394
URY,Uruguay,2021,10.079300886319444,9.0,8.83297016830755
URY,Uruguay,2022,10.079300886319444,9.0,8.83297016830755
URY,Uruguay,2023,10.724227264281836,9.0,8.0
URY,Uruguay,2024,9.36384814357289,8.0,7.530828934221654
USA,United States,2006,1.0,1.0,2.0
USA,United States,2007,1.0,1.0,2.0
USA,United States,2008,1.0,1.0,2.0
USA,United States,2009,1.0,1.0,2.0
USA,United States,2010,1.0,1.0,2.0
USA,United States,2011,1.0,1.0,2.0
USA,United States,2012,1.0,1.0,2.0
USA,United States,2013,1.0,1.0,2.0
USA,United States,2014,1.0,1.0,2.0
USA,United States,2015,1.0,1.0,2.0
USA,United States,2016,1.0,1.0,2.0
USA,United States,2017,1.0,1.0,2.0
USA,United States,2018,1.0,1.0,2.0
USA,United States,2019,1.0,1.0,2.0
USA,United States,2020,1.0,1.0,2.0
USA,United States,2021,1.0,1.0,2.0
USA,United States,2022,1.0,1.0,2.0
USA,United States,2023,1.0,1.0,2.0
USA,United States,2024,1.0,1.0,2.0
VCT,Saint Vincent and the Grenadines,2007,,14.0,
VCT,Saint Vincent and the Grenadines,2008,,14.2,
VCT,Saint Vincent and the Grenadines,2009,,14.4,
VCT,Saint Vincent and the Grenadines,2012,,15.0,
VCT,Saint Vincent and the Grenadines,2013,,15.5,
VCT,Saint Vincent and the Grenadines,2014,,16.0,
VCT,Saint Vincent and the Grenadines,2015,,16.0,
VCT,Saint Vincent and the Grenadines,2016,,16.0,
VCT,Saint Vincent and the Grenadines,2017,,16.0,
VCT,Saint Vincent and the Grenadines,2018,,16.0,
VCT,Saint Vincent and the Grenadines,2019,,16.0,
VCT,Saint Vincent and the Grenadines,2020,,16.0,
VCT,Saint Vincent and the Grenadines,2021,,16.0,
VCT,Saint Vincent and the Grenadines,2022,,16.0,
VCT,Saint Vincent and the Grenadines,2023,,16.0,
VCT,Saint Vincent and the Grenadines,2024,,16.0,
VEN,Venezuela,2006,15.66666666666667,16.740807429350163,14.5
VEN,Venezuela,2007,13.0,14.530391609966545,14.5
VEN,Venezuela,2008,14.0,15.0,14.5
VEN,Venezuela,2009,14.0,15.0,14.5
VEN,Venezuela,2010,14.0,15.0,14.5
VEN,Venezuela,2011,14.0,15.0,14.0
VEN,Venezuela,2012,14.0,15.3592975422354,14.5
VEN,Venezuela,2013,14.0,15.0,15.0
VEN,Venezuela,2014,15.0,17.0,14.5
VEN,Venezuela,2015,18.0,19.0,14.5
VEN,Venezuela,2016,18.0,19.0,14.5
VEN,Venezuela,2017,18.0,20.0,14.5
VEN,Venezuela,2018,22.0,21.0,14.5
VEN,Venezuela,2019,15.66666666666667,16.740807429350163,14.5
VEN,Venezuela,2020,15.66666666666667,16.740807429350163,14.5
VEN,Venezuela,2021,15.66666666666667,16.740807429350163,14.5
VEN,Venezuela,2022,15.66666666666667,16.740807429350163,14.5
VEN,Venezuela,2023,15.66666666666667,16.740807429350163,14.5
VEN,Venezuela,2024,15.66666666666667,16.740807429350163,14.5
ZAF,South Africa,2006,9.811965099214063,9.304414307572312,10.731935396401315
ZAF,South Africa,2007,8.0,7.489728768150853,8.78055026030229
ZAF,South Africa,2008,8.0,7.489728768150853,8.78055026030229
ZAF,South Africa,2009,8.0,7.0,8.542657289341799
ZAF,South Africa,2010,8.0,7.333333333333333,8.70457887153973
ZAF,South Africa,2011,8.0,7.666666666666667,8.866500453737665
ZAF,South Africa,2012,8.0,8.0,9.0
ZAF,South Africa,2013,9.0,8.0,9.5
ZAF,South Africa,2014,9.0,9.0,10.0
ZAF,South Africa,2015,9.0,9.0,10.333333333333334
ZAF,South Africa,2016,10.0,9.0,10.666666666666666
ZAF,South Africa,2017,11.0,9.0,11.0
ZAF,South Africa,2018,11.0,10.0,11.666666666666666
ZAF,South Africa,2019,11.0,10.0,12.333333333333334
ZAF,South Africa,2020,12.0,11.0,13.0
ZAF,South Africa,2021,11.804800114691677,11.5,13.0
ZAF,South Africa,2022,11.603523890387171,12.0,13.0
ZAF,South Africa,2023,11.603523890387171,12.0,13.0
ZAF,South Africa,2024,11.603523890387171,12.0,13.0
ZMB,Zambia,2006,,11.500929878790028,12.266398056869097
ZMB,Zambia,2007,,11.500929878790028,12.266398056869097
ZMB,Zambia,2008,,11.500929878790028,12.266398056869097
ZMB,Zambia,2009,,11.500929878790028,12.266398056869097
ZMB,Zambia,2010,,10.756974090925212,10.0
ZMB,Zambia,2011,,10.0,10.0
ZMB,Zambia,2012,,10.0,10.0
ZMB,Zambia,2013,,10.0,10.0
ZMB,Zambia,2014,,10.756974090925212,10.0
ZMB,Zambia,2015,,10.0,10.0
ZMB,Zambia,2016,,10.0,10.0
ZMB,Zambia,2017,,11.0,10.0
ZMB,Zambia,2018,,11.0,11.0
ZMB,Zambia,2019,,12.0,12.0
ZMB,Zambia,2020,,12.0,20.0
ZMB,Zambia,2021,,13.0,16.5
ZMB,Zambia,2022,,14.0,13.0
ZMB,Zambia,2023,,14.0,15.74798542651825
ZMB,Zambia,2024,,14.0,15.74798542651825
